,name,count,pos,norm
118,co workers,32,,1.0
12,great people,16,,0.4838709677419355
296,flexible hours,15,,0.4516129032258065
512,place work,14,,0.4193548387096774
13,people work,14,,0.4193548387096774
271,fast paced,13,,0.3870967741935484
414,fun environment,12,,0.3548387096774194
916,fun atmosphere,11,,0.32258064516129037
411,good money,11,,0.32258064516129037
22,free food,10,,0.29032258064516125
603,pretty good,9,,0.25806451612903225
285,good people,9,,0.25806451612903225
803,food good,9,,0.25806451612903225
360,flexible schedule,8,,0.22580645161290322
823,make good,8,,0.22580645161290322
11,hours great,8,,0.22580645161290322
1336,great place,7,,0.1935483870967742
511,fun place,7,,0.1935483870967742
8,fun work,7,,0.1935483870967742
574,work environment,7,,0.1935483870967742
43,new people,6,,0.16129032258064516
529,decent money,6,,0.16129032258064516
804,good co,6,,0.16129032258064516
813,good food,6,,0.16129032258064516
599,good tips,6,,0.16129032258064516
826,easy job,6,,0.16129032258064516
321,great job,6,,0.16129032258064516
666,flexible scheduling,6,,0.16129032258064516
147,great co,5,,0.12903225806451613
389,great atmosphere,5,,0.12903225806451613
558,nice people,5,,0.12903225806451613
76,discount food,5,,0.12903225806451613
911,meet lot,5,,0.12903225806451613
37,great team,5,,0.12903225806451613
46,money good,5,,0.12903225806451613
251,50 food,5,,0.12903225806451613
418,make money,5,,0.12903225806451613
844,great training,5,,0.12903225806451613
1777,work good,5,,0.12903225806451613
1199,schedule great,5,,0.12903225806451613
986,good benefits,4,,0.0967741935483871
390,atmosphere great,4,,0.0967741935483871
517,fun people,4,,0.0967741935483871
1017,two weeks,4,,0.0967741935483871
872,training program,4,,0.0967741935483871
551,company good,4,,0.0967741935483871
25,really good,4,,0.0967741935483871
1456,great work,4,,0.0967741935483871
86,cash tips,4,,0.0967741935483871
1277,good friends,4,,0.0967741935483871
3,employees fun,4,,0.0967741935483871
1388,workers cool,4,,0.0967741935483871
148,workers flexible,4,,0.0967741935483871
172,customer service,4,,0.0967741935483871
1068,work great,4,,0.0967741935483871
1385,staff management,4,,0.0967741935483871
41,get meet,4,,0.0967741935483871
870,friendly coworkers,4,,0.0967741935483871
258,high volume,4,,0.0967741935483871
819,friendly staff,4,,0.0967741935483871
777,staff fun,3,,0.06451612903225806
672,great hours,3,,0.06451612903225806
778,environment fun,3,,0.06451612903225806
1910,place learn,3,,0.06451612903225806
117,nice co,3,,0.06451612903225806
1358,great tips,3,,0.06451612903225806
2343,great benefits,3,,0.06451612903225806
2003,money great,3,,0.06451612903225806
320,people great,3,,0.06451612903225806
1331,discounts food,3,,0.06451612903225806
1855,tgi fridays,3,,0.06451612903225806
871,coworkers great,3,,0.06451612903225806
838,fun staff,3,,0.06451612903225806
1384,great staff,3,,0.06451612903225806
1924,really fun,3,,0.06451612903225806
2811,friendly work,3,,0.06451612903225806
2166,atmosphere staff,3,,0.06451612903225806
1386,management cool,3,,0.06451612903225806
1266,flexible schedules,3,,0.06451612903225806
821,friendly management,3,,0.06451612903225806
1,first job,3,,0.06451612903225806
481,get 50,3,,0.06451612903225806
1667,become friends,3,,0.06451612903225806
265,flexible work,3,,0.06451612903225806
2632,fun energetic,3,,0.06451612903225806
146,food great,3,,0.06451612903225806
263,great coworkers,3,,0.06451612903225806
1083,workers good,3,,0.06451612903225806
287,easy work,3,,0.06451612903225806
1393,work especially,3,,0.06451612903225806
262,part great,3,,0.06451612903225806
681,good training,3,,0.06451612903225806
914,workers fun,3,,0.06451612903225806
927,environment great,3,,0.06451612903225806
969,service experience,3,,0.06451612903225806
1304,paced environment,3,,0.06451612903225806
1471,great money,3,,0.06451612903225806
1443,work schedule,3,,0.06451612903225806
573,busy work,3,,0.06451612903225806
1793,tips good,3,,0.06451612903225806
1738,money flexible,3,,0.06451612903225806
42,meet new,3,,0.06451612903225806
1491,managers nice,3,,0.06451612903225806
561,quick cash,3,,0.06451612903225806
26,good atmosphere,3,,0.06451612903225806
2294,great company,3,,0.06451612903225806
1320,like family,3,,0.06451612903225806
388,really great,3,,0.06451612903225806
587,decent benefits,3,,0.06451612903225806
1307,good pay,3,,0.06451612903225806
2090,environment work,3,,0.06451612903225806
1326,potential make,3,,0.06451612903225806
1760,get work,3,,0.06451612903225806
695,money made,3,,0.06451612903225806
686,good hours,3,,0.06451612903225806
1029,food working,3,,0.06451612903225806
685,staff good,3,,0.06451612903225806
979,bonus structure,3,,0.06451612903225806
406,atmosphere restaurant,3,,0.06451612903225806
366,coworkers friendly,3,,0.06451612903225806
1746,team members,3,,0.06451612903225806
2297,first time,2,,0.03225806451612903
1978,lot money,2,,0.03225806451612903
2904,much fun,2,,0.03225806451612903
2367,lot nice,2,,0.03225806451612903
1382,occasionally fun,2,,0.03225806451612903
264,coworkers flexible,2,,0.03225806451612903
1213,starting pay,2,,0.03225806451612903
2280,become part,2,,0.03225806451612903
382,free uniform,2,,0.03225806451612903
2066,meet lots,2,,0.03225806451612903
1383,fun great,2,,0.03225806451612903
1193,staff really,2,,0.03225806451612903
2067,lots people,2,,0.03225806451612903
335,always busy,2,,0.03225806451612903
249,bar flair,2,,0.03225806451612903
391,great guests,2,,0.03225806451612903
255,people coworkers,2,,0.03225806451612903
226,known brand,2,,0.03225806451612903
2612,loved everyone,2,,0.03225806451612903
229,usually busy,2,,0.03225806451612903
2969,easy money,2,,0.03225806451612903
2251,benefits package,2,,0.03225806451612903
1593,get first,2,,0.03225806451612903
1107,customers great,2,,0.03225806451612903
663,flexible time,2,,0.03225806451612903
827,job get,2,,0.03225806451612903
2089,great environment,2,,0.03225806451612903
2080,become family,2,,0.03225806451612903
825,tips easy,2,,0.03225806451612903
241,brand well,2,,0.03225806451612903
2292,opportunity advancement,2,,0.03225806451612903
824,money tips,2,,0.03225806451612903
1458,fun times,2,,0.03225806451612903
495,scratch cards,2,,0.03225806451612903
715,half price,2,,0.03225806451612903
1461,working family,2,,0.03225806451612903
820,staff friendly,2,,0.03225806451612903
1377,money work,2,,0.03225806451612903
1215,paced fun,2,,0.03225806451612903
1966,customer base,2,,0.03225806451612903
1464,coworkers easy,2,,0.03225806451612903
1378,work hard,2,,0.03225806451612903
1979,hours school,2,,0.03225806451612903
1387,cool co,2,,0.03225806451612903
373,decent amount,2,,0.03225806451612903
2109,life long,2,,0.03225806451612903
2133,fast great,2,,0.03225806451612903
1142,good team,2,,0.03225806451612903
310,basics serving,2,,0.03225806451612903
747,tips co,2,,0.03225806451612903
350,waiting tables,2,,0.03225806451612903
1532,shift leader,2,,0.03225806451612903
349,experience waiting,2,,0.03225806451612903
1499,lots great,2,,0.03225806451612903
442,manager good,2,,0.03225806451612903
2110,long friends,2,,0.03225806451612903
776,amazing staff,2,,0.03225806451612903
1099,company work,2,,0.03225806451612903
2111,friends great,2,,0.03225806451612903
2019,people make,2,,0.03225806451612903
463,pay pay,2,,0.03225806451612903
2126,staff great,2,,0.03225806451612903
769,20 words,2,,0.03225806451612903
1408,good location,2,,0.03225806451612903
2124,good schedule,2,,0.03225806451612903
677,night flexible,2,,0.03225806451612903
678,flexible good,2,,0.03225806451612903
1412,minimum wage,2,,0.03225806451612903
679,good management,2,,0.03225806451612903
680,management good,2,,0.03225806451612903
451,50 discount,2,,0.03225806451612903
2350,time benefits,2,,0.03225806451612903
2351,benefits vacations,2,,0.03225806451612903
2955,every night,2,,0.03225806451612903
2002,money money,2,,0.03225806451612903
2954,home every,2,,0.03225806451612903
275,time friends,2,,0.03225806451612903
1483,fast money,2,,0.03225806451612903
2673,energetic place,2,,0.03225806451612903
279,fast pace,2,,0.03225806451612903
1987,staff members,2,,0.03225806451612903
1389,cool always,2,,0.03225806451612903
1390,always fun,2,,0.03225806451612903
1220,every shift,2,,0.03225806451612903
1391,fun time,2,,0.03225806451612903
739,everyone works,2,,0.03225806451612903
1176,good staff,2,,0.03225806451612903
1129,make friends,2,,0.03225806451612903
1392,time work,2,,0.03225806451612903
2642,new menu,2,,0.03225806451612903
691,free managers,2,,0.03225806451612903
291,long hours,2,,0.03225806451612903
2106,management friendly,2,,0.03225806451612903
792,making sure,2,,0.03225806451612903
1394,especially outside,2,,0.03225806451612903
1395,outside work,2,,0.03225806451612903
356,would shadow,2,,0.03225806451612903
1999,food fun,2,,0.03225806451612903
298,make great,2,,0.03225806451612903
744,good place,2,,0.03225806451612903
1368,well known,2,,0.03225806451612903
412,money busy,2,,0.03225806451612903
1098,good company,2,,0.03225806451612903
1279,management would,2,,0.03225806451612903
1702,lot great,2,,0.03225806451612903
1703,great ton,2,,0.03225806451612903
1704,ton fun,2,,0.03225806451612903
1705,fun fridays,2,,0.03225806451612903
1706,fridays food,2,,0.03225806451612903
1707,food amazing,2,,0.03225806451612903
1708,amazing got,2,,0.03225806451612903
1709,got esat,2,,0.03225806451612903
1710,esat free,2,,0.03225806451612903
1032,day work,2,,0.03225806451612903
559,people tips,2,,0.03225806451612903
1030,working slow,2,,0.03225806451612903
1715,benefits health,2,,0.03225806451612903
1327,money staff,2,,0.03225806451612903
1844,flexible 50,2,,0.03225806451612903
1701,liked lot,2,,0.03225806451612903
1700,nice liked,2,,0.03225806451612903
1278,friends management,2,,0.03225806451612903
2547,thing great,2,,0.03225806451612903
1682,training good,2,,0.03225806451612903
2435,tip share,2,,0.03225806451612903
1041,working co,2,,0.03225806451612903
128,regular customers,2,,0.03225806451612903
126,money ok,2,,0.03225806451612903
125,awesome money,2,,0.03225806451612903
552,good environment,2,,0.03225806451612903
623,start working,2,,0.03225806451612903
1860,working fun,2,,0.03225806451612903
120,food drinks,2,,0.03225806451612903
1859,people working,2,,0.03225806451612903
116,food nice,2,,0.03225806451612903
115,great food,2,,0.03225806451612903
1097,days good,2,,0.03225806451612903
2532,people nice,2,,0.03225806451612903
78,multiple locations,2,,0.03225806451612903
2850,depending store,2,,0.03225806451612903
935,401k benefits,2,,0.03225806451612903
992,upper management,2,,0.03225806451612903
1302,good start,2,,0.03225806451612903
28,managers good,2,,0.03225806451612903
968,gain customer,2,,0.03225806451612903
2816,management really,2,,0.03225806451612903
1301,industry good,2,,0.03225806451612903
2204,food fridays,2,,0.03225806451612903
973,customers fun,2,,0.03225806451612903
18,people worked,2,,0.03225806451612903
975,easy move,2,,0.03225806451612903
14,work excellent,2,,0.03225806451612903
1790,managers friendly,2,,0.03225806451612903
1297,room growth,2,,0.03225806451612903
978,good bonus,2,,0.03225806451612903
1787,food co,2,,0.03225806451612903
2209,types people,2,,0.03225806451612903
584,discounted meals,2,,0.03225806451612903
2469,schedule made,2,,0.03225806451612903
2192,help people,2,,0.03225806451612903
936,benefits available,2,,0.03225806451612903
2835,experience good,2,,0.03225806451612903
570,work friendly,2,,0.03225806451612903
1016,every two,2,,0.03225806451612903
1737,quick money,2,,0.03225806451612903
1286,people fun,2,,0.03225806451612903
947,like working,2,,0.03225806451612903
48,coworkers nice,2,,0.03225806451612903
1287,environment fast,2,,0.03225806451612903
612,friendly environment,2,,0.03225806451612903
579,quickly always,2,,0.03225806451612903
2465,main reason,2,,0.03225806451612903
50,work well,2,,0.03225806451612903
49,nice fun,2,,0.03225806451612903
1868,fridays fun,2,,0.03225806451612903
114,makes great,2,,0.03225806451612903
874,great management,2,,0.03225806451612903
1927,fun get,2,,0.03225806451612903
1056,meals fun,2,,0.03225806451612903
158,environment food,2,,0.03225806451612903
2601,make decent,2,,0.03225806451612903
2861,work experience,2,,0.03225806451612903
162,really really,2,,0.03225806451612903
510,experience fun,2,,0.03225806451612903
1892,customers also,2,,0.03225806451612903
167,time good,2,,0.03225806451612903
168,good salary,2,,0.03225806451612903
513,work right,2,,0.03225806451612903
880,server within,2,,0.03225806451612903
155,pay great,2,,0.03225806451612903
641,laid back,2,,0.03225806451612903
1085,could fun,2,,0.03225806451612903
1901,amount money,2,,0.03225806451612903
516,place fun,2,,0.03225806451612903
2411,work flexible,2,,0.03225806451612903
1360,meeting new,2,,0.03225806451612903
1679,feel like,2,,0.03225806451612903
184,people people,2,,0.03225806451612903
527,time great,2,,0.03225806451612903
523,tips flexible,2,,0.03225806451612903
1055,discount meals,2,,0.03225806451612903
886,small staff,2,,0.03225806451612903
1883,guests flexible,2,,0.03225806451612903
895,fun employees,2,,0.03225806451612903
1940,work get,2,,0.03225806451612903
1877,working great,2,,0.03225806451612903
1939,employees great,2,,0.03225806451612903
1878,money working,2,,0.03225806451612903
2229,pretty easy,2,,0.03225806451612903
1053,free drinks,2,,0.03225806451612903
2426,vacation time,2,,0.03225806451612903
1248,place get,2,,0.03225806451612903
2149,salary little,2,,0.03225806451612903
1249,get hired,2,,0.03225806451612903
1671,multi tasking,2,,0.03225806451612903
2250,salary benefits,1,,0.0
2215,regularly easy,1,,0.0
2214,pays regularly,1,,0.0
2213,job pays,1,,0.0
2279,restaurant become,1,,0.0
2278,nights restaurant,1,,0.0
2249,solid good,1,,0.0
2244,opportunities promotion,1,,0.0
2277,well nights,1,,0.0
2243,chances opportunities,1,,0.0
2242,job chances,1,,0.0
2285,friends develop,1,,0.0
2284,workers friends,1,,0.0
2245,promotion fun,1,,0.0
2207,good get,1,,0.0
2281,part well,1,,0.0
2248,scale solid,1,,0.0
2255,anybody matter,1,,0.0
2282,well close,1,,0.0
2252,package locations,1,,0.0
2212,tips great,1,,0.0
2211,customers tips,1,,0.0
2210,coworkers customers,1,,0.0
2208,meet types,1,,0.0
2241,somewhat easy,1,,0.0
2283,close co,1,,0.0
2253,locations hire,1,,0.0
2247,pay scale,1,,0.0
2254,hire anybody,1,,0.0
2276,days well,1,,0.0
2258,easy get,1,,0.0
2240,busy somewhat,1,,0.0
2275,long days,1,,0.0
2233,position good,1,,0.0
2232,training position,1,,0.0
2231,food training,1,,0.0
2266,often flexible,1,,0.0
2222,good promotions,1,,0.0
2265,roots often,1,,0.0
2264,arise roots,1,,0.0
2230,easy free,1,,0.0
2263,issues arise,1,,0.0
2262,welcoming issues,1,,0.0
2261,friendly welcoming,1,,0.0
2228,job pretty,1,,0.0
2260,restaurant staff,1,,0.0
2227,staff job,1,,0.0
2226,travel amazing,1,,0.0
2225,home travel,1,,0.0
2224,close home,1,,0.0
2223,promotions close,1,,0.0
2259,hired great,1,,0.0
2267,great fast,1,,0.0
2234,good everyone,1,,0.0
2235,everyone helpful,1,,0.0
2272,quite fun,1,,0.0
2239,keeps busy,1,,0.0
2274,much long,1,,0.0
2256,matter background,1,,0.0
2216,work easy,1,,0.0
2217,easy recipes,1,,0.0
2257,background easy,1,,0.0
2238,servers keeps,1,,0.0
2273,fun much,1,,0.0
2218,recipes fast,1,,0.0
2268,paced company,1,,0.0
2219,fast past,1,,0.0
2220,past loved,1,,0.0
2221,loved food,1,,0.0
2237,cool servers,1,,0.0
2271,job quite,1,,0.0
2270,environment job,1,,0.0
2236,helpful friendly,1,,0.0
2269,company friendly,1,,0.0
2246,great pay,1,,0.0
0,good first,1,,0.0
2286,develop spend,1,,0.0
2424,level culture,1,,0.0
2415,regular guests,1,,0.0
2416,guests long,1,,0.0
2417,long island,1,,0.0
2418,island ny,1,,0.0
2419,ny competitive,1,,0.0
2420,competitive wages,1,,0.0
2421,wages good,1,,0.0
2422,good store,1,,0.0
2423,store level,1,,0.0
2425,culture vacation,1,,0.0
2413,sched amp,1,,0.0
2427,time given,1,,0.0
2428,given comp,1,,0.0
2429,comp food,1,,0.0
2430,food anywhere,1,,0.0
2431,anywhere fridays,1,,0.0
2432,fridays 100,1,,0.0
2433,100 free,1,,0.0
2434,free tip,1,,0.0
2436,share shift,1,,0.0
2414,amp regular,1,,0.0
2412,flexible sched,1,,0.0
2287,spend lot,1,,0.0
2399,things good,1,,0.0
2390,background became,1,,0.0
2391,became really,1,,0.0
2392,really passionate,1,,0.0
2393,passionate educating,1,,0.0
2394,educating employees,1,,0.0
2395,employees onto,1,,0.0
2396,onto reasoning,1,,0.0
2397,reasoning behind,1,,0.0
2398,behind things,1,,0.0
2400,made fun,1,,0.0
2410,form great,1,,0.0
2401,busy really,1,,0.0
2402,really shows,1,,0.0
2403,shows basic,1,,0.0
2404,basic steps,1,,0.0
2405,steps becoming,1,,0.0
2406,becoming decent,1,,0.0
2407,decent server,1,,0.0
2408,server mold,1,,0.0
2409,mold form,1,,0.0
2437,shift daily,1,,0.0
2438,daily team,1,,0.0
2439,team amazing,1,,0.0
2475,busy food,1,,0.0
2464,food main,1,,0.0
2466,reason worked,1,,0.0
2467,worked school,1,,0.0
2468,school schedule,1,,0.0
2470,made good,1,,0.0
2471,money first,1,,0.0
2472,first friendly,1,,0.0
2473,management get,1,,0.0
2474,get busy,1,,0.0
2476,food drink,1,,0.0
2440,amazing ton,1,,0.0
2477,drink discounts,1,,0.0
2478,discounts cash,1,,0.0
2479,hours long,1,,0.0
2480,long good,1,,0.0
2481,good length,1,,0.0
2482,length shifts,1,,0.0
2483,shifts consistent,1,,0.0
2484,consistent schedule,1,,0.0
2485,schedule good,1,,0.0
2463,preparation food,1,,0.0
2462,management preparation,1,,0.0
2461,issues management,1,,0.0
2460,arose issues,1,,0.0
2441,ton great,1,,0.0
2442,great servers,1,,0.0
2443,servers fridays,1,,0.0
2444,fridays really,1,,0.0
2445,really understand,1,,0.0
2446,understand value,1,,0.0
2447,value teamwork,1,,0.0
2448,teamwork fun,1,,0.0
2449,fun coworkers,1,,0.0
2450,coworkers general,1,,0.0
2451,general environment,1,,0.0
2452,job high,1,,0.0
2453,high school,1,,0.0
2454,school student,1,,0.0
2455,student working,1,,0.0
2456,learn server,1,,0.0
2457,server however,1,,0.0
2458,however problems,1,,0.0
2459,problems arose,1,,0.0
2389,culture background,1,,0.0
2388,value culture,1,,0.0
2387,really value,1,,0.0
2323,tipped employees,1,,0.0
2314,known well,1,,0.0
2315,well advertised,1,,0.0
2316,advertised popular,1,,0.0
2317,popular brand,1,,0.0
2318,brand keeps,1,,0.0
2319,keeps business,1,,0.0
2320,business steady,1,,0.0
2321,steady plus,1,,0.0
2322,plus tipped,1,,0.0
2324,employees awesome,1,,0.0
2335,bought vacation,1,,0.0
2325,great high,1,,0.0
2326,high energy,1,,0.0
2327,energy atmosphere,1,,0.0
2328,atmosphere work,1,,0.0
2329,work except,1,,0.0
2330,except management,1,,0.0
2331,management flexible,1,,0.0
2332,people best,1,,0.0
2333,best benefits,1,,0.0
2313,great brand,1,,0.0
2312,pressure great,1,,0.0
2311,handling pressure,1,,0.0
2310,serving handling,1,,0.0
2288,lot time,1,,0.0
2289,friends become,1,,0.0
2290,family good,1,,0.0
2291,work opportunity,1,,0.0
2293,advancement great,1,,0.0
2295,company standards,1,,0.0
2296,standards flexible,1,,0.0
2298,time bar,1,,0.0
2299,bar experience,1,,0.0
2300,experience learning,1,,0.0
2301,learning menu,1,,0.0
2302,menu hard,1,,0.0
2303,hard move,1,,0.0
2304,move host,1,,0.0
2305,host server,1,,0.0
2306,server good,1,,0.0
2307,good restaurant,1,,0.0
2308,restaurant learn,1,,0.0
2309,learn basics,1,,0.0
2334,benefits bought,1,,0.0
2336,vacation much,1,,0.0
2386,friday really,1,,0.0
2375,fun positive,1,,0.0
2365,meals food,1,,0.0
2366,great meet,1,,0.0
2368,workers awesome,1,,0.0
2369,awesome like,1,,0.0
2370,like big,1,,0.0
2371,big family,1,,0.0
2372,family teamwork,1,,0.0
2373,teamwork exceptional,1,,0.0
2374,exceptional work,1,,0.0
2376,positive place,1,,0.0
2337,much say,1,,0.0
2377,place great,1,,0.0
2378,atmosphere times,1,,0.0
2379,times tempo,1,,0.0
2380,tempo vibe,1,,0.0
2381,vibe help,1,,0.0
2382,help long,1,,0.0
2383,long shifts,1,,0.0
2384,shifts tgi,1,,0.0
2385,tgi friday,1,,0.0
2364,coworkers discount,1,,0.0
2363,awesome coworkers,1,,0.0
2362,dining awesome,1,,0.0
2361,casual dining,1,,0.0
2338,say great,1,,0.0
2339,good stable,1,,0.0
2340,stable company,1,,0.0
2341,good reputation,1,,0.0
2342,reputation great,1,,0.0
2344,benefits competitive,1,,0.0
2345,competitive pay,1,,0.0
2346,pay flexible,1,,0.0
2347,50 shift,1,,0.0
2348,shift meals,1,,0.0
2349,atmosphere time,1,,0.0
2353,perks meal,1,,0.0
2354,meal plan,1,,0.0
2355,plan commuting,1,,0.0
2356,commuting consideration,1,,0.0
2357,consideration time,1,,0.0
2358,time industry,1,,0.0
2359,industry icon,1,,0.0
2360,icon casual,1,,0.0
2352,vacations perks,1,,0.0
2137,team environment,1,,0.0
2206,discount pretty,1,,0.0
1930,coming tip,1,,0.0
1919,pretty flexible,1,,0.0
1920,schedule except,1,,0.0
1921,except sundays,1,,0.0
1922,sundays holidays,1,,0.0
1923,holidays really,1,,0.0
1925,tips regulars,1,,0.0
1926,regulars fun,1,,0.0
1928,get servers,1,,0.0
1929,servers coming,1,,0.0
1931,tip well,1,,0.0
1917,best friends,1,,0.0
1932,well good,1,,0.0
1933,people ok,1,,0.0
1934,ok money,1,,0.0
1935,money idk,1,,0.0
1936,idk ok,1,,0.0
1937,ok fellow,1,,0.0
1938,fellow employees,1,,0.0
1941,work exciting,1,,0.0
1942,exciting lively,1,,0.0
1918,friends pretty,1,,0.0
1916,met best,1,,0.0
1944,also interesting,1,,0.0
1903,loved mostly,1,,0.0
1893,also gave,1,,0.0
1894,gave generous,1,,0.0
1895,generous tips,1,,0.0
1896,tips super,1,,0.0
1897,super busy,1,,0.0
1898,busy sometimes,1,,0.0
1899,sometimes make,1,,0.0
1900,good amount,1,,0.0
1902,money loved,1,,0.0
1904,mostly servers,1,,0.0
1915,environment met,1,,0.0
1905,servers people,1,,0.0
1906,worked fast,1,,0.0
1907,environment exciting,1,,0.0
1908,exciting stimulating,1,,0.0
1909,stimulating great,1,,0.0
1911,learn bartending,1,,0.0
1912,bartending actually,1,,0.0
1913,actually train,1,,0.0
1914,train fun,1,,0.0
1943,lively customers,1,,0.0
1945,interesting characters,1,,0.0
2205,fridays discount,1,,0.0
1983,helped keep,1,,0.0
1972,key order,1,,0.0
1973,order handle,1,,0.0
1974,handle many,1,,0.0
1975,many tables,1,,0.0
1976,tables made,1,,0.0
1977,made lot,1,,0.0
1980,school shift,1,,0.0
1981,shift meetings,1,,0.0
1982,meetings helped,1,,0.0
1984,keep staff,1,,0.0
1970,industry multi,1,,0.0
1985,staff motivated,1,,0.0
1986,motivated staff,1,,0.0
1988,members enjoyable,1,,0.0
1989,enjoyable around,1,,0.0
1990,around interact,1,,0.0
1991,interact nothing,1,,0.0
1992,nothing menu,1,,0.0
1993,menu particularly,1,,0.0
1994,particularly difficult,1,,0.0
1971,tasking key,1,,0.0
1969,hospitality industry,1,,0.0
1946,characters become,1,,0.0
1956,people company,1,,0.0
1947,friends workers,1,,0.0
1948,workers really,1,,0.0
1949,great flexible,1,,0.0
1950,flexible environment,1,,0.0
1951,environment get,1,,0.0
1952,work different,1,,0.0
1953,different projects,1,,0.0
1954,projects teams,1,,0.0
1955,teams lots,1,,0.0
1957,company within,1,,0.0
1968,growth hospitality,1,,0.0
1958,within franchise,1,,0.0
1959,franchise organizations,1,,0.0
1960,organizations quick,1,,0.0
1961,money vibrant,1,,0.0
1962,vibrant atmosphere,1,,0.0
1963,atmosphere large,1,,0.0
1964,large regular,1,,0.0
1965,regular customer,1,,0.0
1967,base room,1,,0.0
1891,many customers,1,,0.0
1890,understanding many,1,,0.0
1889,management understanding,1,,0.0
1822,work employee,1,,0.0
1813,multiple miles,1,,0.0
1814,miles day,1,,0.0
1815,day running,1,,0.0
1816,running around,1,,0.0
1817,around like,1,,0.0
1818,like chicken,1,,0.0
1819,chicken head,1,,0.0
1820,head cut,1,,0.0
1821,cut great,1,,0.0
1823,employee discount,1,,0.0
1811,get walk,1,,0.0
1824,discount decent,1,,0.0
1825,decent days,1,,0.0
1826,days work,1,,0.0
1827,work 50,1,,0.0
1828,50 pay,1,,0.0
1829,pay better,1,,0.0
1830,better average,1,,0.0
1831,average companies,1,,0.0
1832,companies tips,1,,0.0
1812,walk multiple,1,,0.0
1810,person get,1,,0.0
1888,around management,1,,0.0
1798,living type,1,,0.0
1786,people good,1,,0.0
1788,workers friendly,1,,0.0
1789,friendly managers,1,,0.0
1791,friendly corporate,1,,0.0
1792,corporate tips,1,,0.0
1794,good depending,1,,0.0
1795,depending day,1,,0.0
1796,day make,1,,0.0
1797,make living,1,,0.0
1799,type work,1,,0.0
1809,active person,1,,0.0
1800,work work,1,,0.0
1801,great first,1,,0.0
1802,job lucky,1,,0.0
1803,lucky great,1,,0.0
1804,team pro,1,,0.0
1805,pro working,1,,0.0
1806,working tips,1,,0.0
1807,tips also,1,,0.0
1808,also active,1,,0.0
1833,tips okay,1,,0.0
1834,okay co,1,,0.0
1835,cool great,1,,0.0
1874,every time,1,,0.0
1864,nights learnt,1,,0.0
1865,learnt patient,1,,0.0
1866,patient working,1,,0.0
1867,working tgi,1,,0.0
1869,fun seemed,1,,0.0
1870,seemed like,1,,0.0
1871,like something,1,,0.0
1872,something happened,1,,0.0
1873,happened every,1,,0.0
1875,time working,1,,0.0
1836,work gaining,1,,0.0
1876,working get,1,,0.0
1879,working bartender,1,,0.0
1880,bartender server,1,,0.0
1881,server super,1,,0.0
1882,super fun,1,,0.0
1884,hours easy,1,,0.0
1885,easy switch,1,,0.0
1886,switch shifts,1,,0.0
1887,shifts around,1,,0.0
1863,friday nights,1,,0.0
1862,moments friday,1,,0.0
1861,fun moments,1,,0.0
1858,many great,1,,0.0
1837,gaining experience,1,,0.0
1838,work even,1,,0.0
1839,even scheduling,1,,0.0
1840,scheduling can,1,,0.0
1841,can not,1,,0.0
1842,not easily,1,,0.0
1843,easily flexible,1,,0.0
1845,50 bad,1,,0.0
1846,bad makes,1,,0.0
1847,makes prices,1,,0.0
1848,prices bearable,1,,0.0
1849,bearable standards,1,,0.0
1850,standards values,1,,0.0
1851,values taught,1,,0.0
1852,taught help,1,,0.0
1853,help go,1,,0.0
1854,go tgi,1,,0.0
1856,fridays met,1,,0.0
1857,met many,1,,0.0
1995,difficult benefits,1,,0.0
1996,benefits pretty,1,,0.0
1997,good free,1,,0.0
2143,great percentage,1,,0.0
2134,great tip,1,,0.0
2135,tip sharing,1,,0.0
2136,sharing good,1,,0.0
2487,starting job,1,,0.0
2138,paced good,1,,0.0
2139,food serve,1,,0.0
2140,serve people,1,,0.0
2141,people discounted,1,,0.0
2142,meals great,1,,0.0
2144,percentage tips,1,,0.0
2131,get money,1,,0.0
2145,tips semi,1,,0.0
2146,semi diverse,1,,0.0
2147,diverse staff,1,,0.0
2148,staff salary,1,,0.0
2150,little minimum,1,,0.0
2151,wage waitresses,1,,0.0
2152,waitresses nice,1,,0.0
2153,nice fast,1,,0.0
2154,environment easy,1,,0.0
2132,money fast,1,,0.0
2130,team fun,1,,0.0
2101,principles got,1,,0.0
2116,changing time,1,,0.0
2103,lost bottom,1,,0.0
2104,bottom line,1,,0.0
2105,line good,1,,0.0
2107,staff became,1,,0.0
2108,became life,1,,0.0
2112,great opportunity,1,,0.0
2113,opportunity environment,1,,0.0
2114,environment progressing,1,,0.0
2115,progressing changing,1,,0.0
2117,time mean,1,,0.0
2129,management team,1,,0.0
2118,mean time,1,,0.0
2119,time high,1,,0.0
2120,volume company,1,,0.0
2121,company potential,1,,0.0
2122,money always,1,,0.0
2123,always money,1,,0.0
2125,schedule staff,1,,0.0
2127,great customers,1,,0.0
2128,atmosphere part,1,,0.0
2155,job opportunity,1,,0.0
2156,opportunity little,1,,0.0
2157,little responsibility,1,,0.0
2193,people order,1,,0.0
2183,purchase menu,1,,0.0
2184,menu easy,1,,0.0
2185,easy memorize,1,,0.0
2186,memorize food,1,,0.0
2187,food taste,1,,0.0
2188,taste good,1,,0.0
2189,good helps,1,,0.0
2190,helps trying,1,,0.0
2191,trying help,1,,0.0
2194,order friendly,1,,0.0
2158,responsibility outside,1,,0.0
2195,members money,1,,0.0
2196,great weekends,1,,0.0
2197,weekends special,1,,0.0
2198,special days,1,,0.0
2199,structure decent,1,,0.0
2200,benefits two,1,,0.0
2201,weeks vacation,1,,0.0
2202,vacation starting,1,,0.0
2203,starting free,1,,0.0
2182,food purchase,1,,0.0
2181,unlimited food,1,,0.0
2180,card unlimited,1,,0.0
2179,black card,1,,0.0
2159,outside ask,1,,0.0
2160,ask suck,1,,0.0
2161,suck job,1,,0.0
2162,job good,1,,0.0
2163,workers food,1,,0.0
2164,good easy,1,,0.0
2165,easy environment,1,,0.0
2167,staff pay,1,,0.0
2168,pay level,1,,0.0
2169,level nice,1,,0.0
2170,nice opportunities,1,,0.0
2171,opportunities growth,1,,0.0
2172,growth work,1,,0.0
2173,work independently,1,,0.0
2174,independently annual,1,,0.0
2175,annual pay,1,,0.0
2176,pay pretty,1,,0.0
2177,start benefit,1,,0.0
2178,benefit black,1,,0.0
2102,got lost,1,,0.0
2100,good principles,1,,0.0
1998,food discounts,1,,0.0
2036,great store,1,,0.0
2027,right shifts,1,,0.0
2028,shifts staff,1,,0.0
2029,work really,1,,0.0
2030,really friendly,1,,0.0
2031,friendly really,1,,0.0
2032,really lighthearted,1,,0.0
2033,lighthearted place,1,,0.0
2034,great attitudes,1,,0.0
2035,attitudes coworkers,1,,0.0
2037,store management,1,,0.0
2025,part scent,1,,0.0
2038,management generally,1,,0.0
2039,generally pleasant,1,,0.0
2040,pleasant customer,1,,0.0
2041,base discount,1,,0.0
2042,good tip,1,,0.0
2043,tip money,1,,0.0
2044,money pay,1,,0.0
2045,pay free,1,,0.0
2046,food make,1,,0.0
2026,scent money,1,,0.0
2024,hours part,1,,0.0
2099,founded good,1,,0.0
2011,seasons show,1,,0.0
2000,times work,1,,0.0
2001,work money,1,,0.0
2004,great serving,1,,0.0
2005,serving making,1,,0.0
2006,making people,1,,0.0
2007,people happy,1,,0.0
2008,happy certainly,1,,0.0
2009,certainly make,1,,0.0
2010,slow seasons,1,,0.0
2012,show management,1,,0.0
2023,fun nice,1,,0.0
2013,management worth,1,,0.0
2014,worth give,1,,0.0
2015,give great,1,,0.0
2016,hours also,1,,0.0
2017,also meet,1,,0.0
2018,meet great,1,,0.0
2020,make lots,1,,0.0
2021,lots friends,1,,0.0
2022,friends fun,1,,0.0
2047,make fat,1,,0.0
2048,fat managing,1,,0.0
2049,managing primarily,1,,0.0
2086,ir great,1,,0.0
2076,alot bars,1,,0.0
2077,bars fellow,1,,0.0
2078,fellow co,1,,0.0
2079,workers become,1,,0.0
2081,family food,1,,0.0
2082,good receive,1,,0.0
2083,receive half,1,,0.0
2084,half meal,1,,0.0
2085,meal ir,1,,0.0
2087,great manager,1,,0.0
2050,primarily good,1,,0.0
2088,manager great,1,,0.0
2091,work perceived,1,,0.0
2092,perceived good,1,,0.0
2093,good culture,1,,0.0
2094,culture bar,1,,0.0
2095,bar champs,1,,0.0
2096,champs great,1,,0.0
2097,great history,1,,0.0
2098,history founded,1,,0.0
2075,transportation alot,1,,0.0
2074,public transportation,1,,0.0
2073,nearby public,1,,0.0
2072,schools nearby,1,,0.0
2051,people discount,1,,0.0
2052,discount bad,1,,0.0
2053,bad could,1,,0.0
2054,could better,1,,0.0
2055,better everything,1,,0.0
2056,everything asked,1,,0.0
2057,asked server,1,,0.0
2058,server kinds,1,,0.0
2059,kinds customers,1,,0.0
2060,customers dealt,1,,0.0
2061,dealt day,1,,0.0
2062,day day,1,,0.0
2063,day basis,1,,0.0
2064,basis flexible,1,,0.0
2065,hours meet,1,,0.0
2068,people lots,1,,0.0
2069,lots pretty,1,,0.0
2070,pretty girls,1,,0.0
2071,girls schools,1,,0.0
2486,pay starting,1,,0.0
2564,paycheck every,1,,0.0
2488,job detailed,1,,0.0
3042,needed know,1,,0.0
3032,get shift,1,,0.0
3033,shift money,1,,0.0
3034,made willing,1,,0.0
3035,willing work,1,,0.0
3036,work training,1,,0.0
3037,program although,1,,0.0
3038,although extensive,1,,0.0
3039,extensive helpful,1,,0.0
3040,helpful taught,1,,0.0
3041,taught needed,1,,0.0
3043,know location,1,,0.0
2901,second jobs,1,,0.0
3044,location porter,1,,0.0
3045,porter ranch,1,,0.0
3046,ranch ca,1,,0.0
3047,ca people,1,,0.0
3048,work servers,1,,0.0
3049,servers bussers,1,,0.0
3050,bussers cooks,1,,0.0
3051,cooks friendly,1,,0.0
3052,friendly beat,1,,0.0
3053,beat never,1,,0.0
3031,need get,1,,0.0
3030,go need,1,,0.0
3029,exactly go,1,,0.0
3028,knows exactly,1,,0.0
3007,friends made,1,,0.0
3008,made regulars,1,,0.0
3009,regulars new,1,,0.0
3010,menu pretty,1,,0.0
3011,workers entertaining,1,,0.0
3012,entertaining sometimes,1,,0.0
3013,sometimes customers,1,,0.0
3014,customers enjoyable,1,,0.0
3015,enjoyable could,1,,0.0
3016,environment hours,1,,0.0
3017,great time,1,,0.0
3018,time could,1,,0.0
3019,could walk,1,,0.0
3020,walk away,1,,0.0
3021,away 60,1,,0.0
3022,60 hours,1,,0.0
3023,hours one,1,,0.0
3024,one week,1,,0.0
3025,week people,1,,0.0
3026,people everyone,1,,0.0
3027,works knows,1,,0.0
3054,never dull,1,,0.0
3055,dull boring,1,,0.0
3056,boring day,1,,0.0
3081,great easy,1,,0.0
3083,much great,1,,0.0
3084,great cash,1,,0.0
3085,cash hand,1,,0.0
3086,hand flexable,1,,0.0
3087,flexable hours,1,,0.0
3088,hours fun,1,,0.0
3089,work job,1,,0.0
3090,job luck,1,,0.0
3091,luck enough,1,,0.0
3092,enough work,1,,0.0
3093,work busy,1,,0.0
3094,busy shift,1,,0.0
3095,shift pay,1,,0.0
3096,pay bills,1,,0.0
3097,bills stabile,1,,0.0
3098,stabile business,1,,0.0
3099,business fun,1,,0.0
3100,management lenient,1,,0.0
3101,lenient enforcing,1,,0.0
3102,enforcing rules,1,,0.0
3103,rules flexible,1,,0.0
3082,money much,1,,0.0
3080,different people,1,,0.0
3057,work went,1,,0.0
3079,kinds different,1,,0.0
3058,went home,1,,0.0
3059,night money,1,,0.0
3060,money pocket,1,,0.0
3061,pocket managers,1,,0.0
3062,managers locations,1,,0.0
3063,locations would,1,,0.0
3064,would back,1,,0.0
3065,back us,1,,0.0
3066,us made,1,,0.0
3067,made honest,1,,0.0
3068,honest mistake,1,,0.0
3069,mistake food,1,,0.0
3070,food meeting,1,,0.0
3071,environment good,1,,0.0
3072,work newly,1,,0.0
3073,newly designed,1,,0.0
3074,designed drinks,1,,0.0
3075,drinks fun,1,,0.0
3076,fun able,1,,0.0
3077,able sever,1,,0.0
3078,sever kinds,1,,0.0
3006,like friends,1,,0.0
3005,shifts like,1,,0.0
3004,pick shifts,1,,0.0
2927,decent salary,1,,0.0
2929,excellent vacation,1,,0.0
2930,vacation okay,1,,0.0
2931,okay benefits,1,,0.0
2932,benefits good,1,,0.0
2933,schedule tuition,1,,0.0
2934,tuition text,1,,0.0
2935,text book,1,,0.0
2936,book reimbursement,1,,0.0
2937,reimbursement fun,1,,0.0
2938,atmosphere co,1,,0.0
2939,good customer,1,,0.0
2940,experience make,1,,0.0
2941,make life,1,,0.0
2942,great managment,1,,0.0
2943,managment need,1,,0.0
2944,need job,1,,0.0
2945,job time,1,,0.0
2946,benefits mind,1,,0.0
2947,mind work,1,,0.0
2948,work long,1,,0.0
2949,hours standing,1,,0.0
2928,salary excellent,1,,0.0
2926,worked decent,1,,0.0
2951,feet cash,1,,0.0
2925,crew worked,1,,0.0
2903,people much,1,,0.0
2905,get along,1,,0.0
2906,along well,1,,0.0
2907,well look,1,,0.0
2908,look certain,1,,0.0
2909,certain type,1,,0.0
2910,type personality,1,,0.0
2911,personality hire,1,,0.0
2912,hire great,1,,0.0
2913,great managers,1,,0.0
2914,managers really,1,,0.0
2915,really enjoy,1,,0.0
2916,enjoy job,1,,0.0
2917,job big,1,,0.0
2918,big make,1,,0.0
2919,make pay,1,,0.0
2920,pay walk,1,,0.0
2921,walk outs,1,,0.0
2922,outs uniforms,1,,0.0
2923,uniforms liked,1,,0.0
2924,liked crew,1,,0.0
2950,standing feet,1,,0.0
2952,tips brought,1,,0.0
3003,release pick,1,,0.0
2980,managers look,1,,0.0
2982,fact go,1,,0.0
2983,go school,1,,0.0
2984,school work,1,,0.0
2985,work two,1,,0.0
2986,two jobs,1,,0.0
2987,jobs schedule,1,,0.0
2988,schedule shifts,1,,0.0
2989,shifts work,1,,0.0
2990,work find,1,,0.0
2991,find someone,1,,0.0
2992,someone cover,1,,0.0
2993,cover shift,1,,0.0
2994,shift good,1,,0.0
2995,pay easy,1,,0.0
2996,job friendly,1,,0.0
2997,friendly guests,1,,0.0
2998,guests uses,1,,0.0
2999,uses hot,1,,0.0
3000,hot schedule,1,,0.0
3001,schedule easy,1,,0.0
3002,easy release,1,,0.0
2981,look fact,1,,0.0
2979,student managers,1,,0.0
2953,brought home,1,,0.0
2978,issue student,1,,0.0
2956,scheduling good,1,,0.0
2957,workers get,1,,0.0
2958,lot fun,1,,0.0
2959,make job,1,,0.0
2960,job enjoyable,1,,0.0
2961,enjoyable make,1,,0.0
2962,make lot,1,,0.0
2963,money long,1,,0.0
2964,long friendly,1,,0.0
2965,friendly mind,1,,0.0
2966,mind little,1,,0.0
2967,little hard,1,,0.0
2968,hard work,1,,0.0
2970,money minimal,1,,0.0
2971,minimal headaches,1,,0.0
2972,headaches opportunities,1,,0.0
2973,opportunities advance,1,,0.0
2974,advance management,1,,0.0
2975,management sort,1,,0.0
2976,sort thing,1,,0.0
2977,work issue,1,,0.0
3104,schedule serving,1,,0.0
3105,serving likely,1,,0.0
3106,likely wont,1,,0.0
3231,people fast,1,,0.0
3233,busy time,1,,0.0
3234,time flexible,1,,0.0
3235,scheduling great,1,,0.0
3236,great someone,1,,0.0
3237,someone school,1,,0.0
3238,school another,1,,0.0
3239,another job,1,,0.0
3240,job guests,1,,0.0
3241,guests terrific,1,,0.0
3242,terrific fun,1,,0.0
3243,fun help,1,,0.0
3244,nice dining,1,,0.0
3245,dining experience,1,,0.0
3246,experience able,1,,0.0
3247,able waitress,1,,0.0
3248,waitress hard,1,,0.0
3249,hard stressful,1,,0.0
3250,stressful job,1,,0.0
3251,job getting,1,,0.0
3252,getting great,1,,0.0
3253,tips really,1,,0.0
3232,paced busy,1,,0.0
3230,wait meet,1,,0.0
3255,working table,1,,0.0
3229,work wait,1,,0.0
3208,makes lucrative,1,,0.0
3209,lucrative made,1,,0.0
3210,made ton,1,,0.0
3211,ton good,1,,0.0
3212,friends kept,1,,0.0
3213,kept years,1,,0.0
3214,years learned,1,,0.0
3215,learned bartend,1,,0.0
3216,bartend opened,1,,0.0
3217,opened many,1,,0.0
3218,many jobs,1,,0.0
3219,jobs since,1,,0.0
3220,since bleed,1,,0.0
3221,bleed red,1,,0.0
3222,red white,1,,0.0
3223,white stripes,1,,0.0
3224,stripes good,1,,0.0
3225,food atmosphere,1,,0.0
3226,friendly great,1,,0.0
3227,fun costumers,1,,0.0
3228,costumers good,1,,0.0
3254,really working,1,,0.0
3256,table always,1,,0.0
3206,share hostesses,1,,0.0
3281,company wants,1,,0.0
3283,care somewhere,1,,0.0
3284,somewhere along,1,,0.0
3285,along way,1,,0.0
3286,way gets,1,,0.0
3287,gets misplaced,1,,0.0
3288,misplaced works,1,,0.0
3289,works schedule,1,,0.0
3290,schedule flexible,1,,0.0
3291,hard begin,1,,0.0
3292,begin shift,1,,0.0
3293,shift smile,1,,0.0
3294,smile rewarding,1,,0.0
3295,rewarding friendly,1,,0.0
3296,environment guest,1,,0.0
3297,guest come,1,,0.0
3298,come friday,1,,0.0
3299,friday happier,1,,0.0
3300,happier average,1,,0.0
3301,average guest,1,,0.0
3302,guest guess,1,,0.0
3303,guess something,1,,0.0
3282,wants care,1,,0.0
3280,tell company,1,,0.0
3257,always makes,1,,0.0
3279,benefits tell,1,,0.0
3258,makes feel,1,,0.0
3259,feel great,1,,0.0
3260,great mostly,1,,0.0
3261,mostly clean,1,,0.0
3262,clean restaurant,1,,0.0
3263,restaurant work,1,,0.0
3264,good tasting,1,,0.0
3265,tasting food,1,,0.0
3266,food ability,1,,0.0
3267,ability move,1,,0.0
3268,move fast,1,,0.0
3269,benefits employees,1,,0.0
3270,work working,1,,0.0
3271,fun beat,1,,0.0
3272,beat experience,1,,0.0
3273,good busy,1,,0.0
3274,busy fridays,1,,0.0
3275,fridays workers,1,,0.0
3276,workers professional,1,,0.0
3277,professional respectful,1,,0.0
3278,respectful great,1,,0.0
3207,hostesses makes,1,,0.0
3205,distributes tip,1,,0.0
3107,wont working,1,,0.0
3131,plenty hours,1,,0.0
3133,available good,1,,0.0
3134,training opportunity,1,,0.0
3135,opportunity move,1,,0.0
3136,move ladder,1,,0.0
3137,ladder quckly,1,,0.0
3138,quckly reach,1,,0.0
3139,reach shift,1,,0.0
3140,leader lots,1,,0.0
3141,lots opportunity,1,,0.0
3142,advancement friendly,1,,0.0
3143,friendly co,1,,0.0
3144,workers lots,1,,0.0
3145,lots room,1,,0.0
3146,room learn,1,,0.0
3147,learn industry,1,,0.0
3148,benefits hourly,1,,0.0
3149,hourly workers,1,,0.0
3150,workers decent,1,,0.0
3151,great location,1,,0.0
3152,location sometimes,1,,0.0
3153,sometimes live,1,,0.0
3132,hours available,1,,0.0
3130,benefits plenty,1,,0.0
3155,music managers,1,,0.0
3129,health benefits,1,,0.0
3108,working past,1,,0.0
3109,past 11,1,,0.0
3110,11 p,1,,0.0
3111,p trained,1,,0.0
3112,trained well,1,,0.0
3113,well tgi,1,,0.0
3114,fridays taught,1,,0.0
3115,taught real,1,,0.0
3116,real server,1,,0.0
3117,server worked,1,,0.0
3118,worked 2,1,,0.0
3119,2 different,1,,0.0
3120,different locations,1,,0.0
3121,locations always,1,,0.0
3122,always loved,1,,0.0
3123,everyone work,1,,0.0
3124,work hire,1,,0.0
3125,hire well,1,,0.0
3126,well become,1,,0.0
3127,part family,1,,0.0
3128,family health,1,,0.0
3154,live music,1,,0.0
3156,friendly workable,1,,0.0
3204,tgifridays distributes,1,,0.0
3181,ins outs,1,,0.0
3183,restaurant learned,1,,0.0
3184,learned great,1,,0.0
3185,great bartending,1,,0.0
3186,bartending skills,1,,0.0
3187,skills good,1,,0.0
3188,benefits salary,1,,0.0
3189,little better,1,,0.0
3190,better companies,1,,0.0
3191,companies flexible,1,,0.0
3192,fun lively,1,,0.0
3193,lively environment,1,,0.0
3194,environment atmosphere,1,,0.0
3195,atmosphere much,1,,0.0
3196,fun management,1,,0.0
3197,really respectful,1,,0.0
3198,respectful co,1,,0.0
3199,workers main,1,,0.0
3200,reason kept,1,,0.0
3201,kept working,1,,0.0
3202,working way,1,,0.0
3203,way tgifridays,1,,0.0
3182,outs restaurant,1,,0.0
3180,lot ins,1,,0.0
3157,workable super,1,,0.0
3179,learned lot,1,,0.0
3158,super strict,1,,0.0
3159,strict little,1,,0.0
3160,little things,1,,0.0
3161,things make,1,,0.0
3162,money half,1,,0.0
3163,half time,1,,0.0
3164,time location,1,,0.0
3165,location perfect,1,,0.0
3166,perfect commuters,1,,0.0
3167,commuters since,1,,0.0
3168,since major,1,,0.0
3169,major lines,1,,0.0
3170,lines connecting,1,,0.0
3171,connecting union,1,,0.0
3172,union square,1,,0.0
3173,square guest,1,,0.0
3174,guest friendly,1,,0.0
3175,friendly made,1,,0.0
3176,made great,1,,0.0
3177,great friends,1,,0.0
3178,friends learned,1,,0.0
2902,jobs people,1,,0.0
2900,students second,1,,0.0
2489,detailed computer,1,,0.0
2629,promoted server,1,,0.0
2619,members make,1,,0.0
2620,make long,1,,0.0
2621,long lasting,1,,0.0
2622,lasting friends,1,,0.0
2623,friends could,1,,0.0
2624,could make,1,,0.0
2625,money night,1,,0.0
2626,night depending,1,,0.0
2627,depending guests,1,,0.0
2628,schedule promoted,1,,0.0
2630,within months,1,,0.0
2899,great students,1,,0.0
2631,months fun,1,,0.0
2633,energetic working,1,,0.0
2634,working environtment,1,,0.0
2635,environtment great,1,,0.0
2636,great interaction,1,,0.0
2637,interaction regular,1,,0.0
2638,customers nice,1,,0.0
2639,nice food,1,,0.0
2640,fun always,1,,0.0
2641,always new,1,,0.0
2618,company team,1,,0.0
2617,long great,1,,0.0
2616,stayed long,1,,0.0
2615,reason stayed,1,,0.0
2592,ensure consistent,1,,0.0
2593,consistent experience,1,,0.0
2594,experience location,1,,0.0
2595,location location,1,,0.0
2596,location great,1,,0.0
2597,great way,1,,0.0
2598,way work,1,,0.0
2599,work college,1,,0.0
2600,college make,1,,0.0
2602,made 20,1,,0.0
2603,20 30,1,,0.0
2604,30 dollars,1,,0.0
2605,dollars hour,1,,0.0
2606,hour tips,1,,0.0
2607,tips peak,1,,0.0
2608,peak times,1,,0.0
2609,times people,1,,0.0
2610,work awesome,1,,0.0
2611,awesome loved,1,,0.0
2613,everyone worked,1,,0.0
2614,worked reason,1,,0.0
2643,menu creative,1,,0.0
2644,creative cocktails,1,,0.0
2645,cocktails willing,1,,0.0
2670,cash ask,1,,0.0
2672,tips fun,1,,0.0
2674,place experience,1,,0.0
2675,experience meeting,1,,0.0
2676,meeting many,1,,0.0
2677,many different,1,,0.0
2678,different types,1,,0.0
2679,people gain,1,,0.0
2680,gain little,1,,0.0
2681,little experience,1,,0.0
2682,tables management,1,,0.0
2683,management earth,1,,0.0
2684,earth easy,1,,0.0
2685,easy talk,1,,0.0
2686,talk also,1,,0.0
2687,also handle,1,,0.0
2688,handle customer,1,,0.0
2689,customer concerns,1,,0.0
2690,concerns well,1,,0.0
2691,well never,1,,0.0
2692,never leave,1,,0.0
2693,leave hanging,1,,0.0
2671,ask tips,1,,0.0
2669,extra cash,1,,0.0
2646,willing train,1,,0.0
2668,makes extra,1,,0.0
2647,train excellent,1,,0.0
2648,excellent training,1,,0.0
2649,training programs,1,,0.0
2650,programs accommodating,1,,0.0
2651,accommodating schedule,1,,0.0
2652,schedule well,1,,0.0
2653,well feel,1,,0.0
2654,family within,1,,0.0
2655,within team,1,,0.0
2656,team vacation,1,,0.0
2657,vacation insurance,1,,0.0
2658,insurance decent,1,,0.0
2659,decent friendly,1,,0.0
2660,friendly group,1,,0.0
2661,group people,1,,0.0
2662,work offered,1,,0.0
2663,offered many,1,,0.0
2664,many chances,1,,0.0
2665,chances stay,1,,0.0
2666,stay late,1,,0.0
2667,late makes,1,,0.0
2591,standards ensure,1,,0.0
2590,brand standards,1,,0.0
2589,friday brand,1,,0.0
2513,willing stay,1,,0.0
2515,long enough,1,,0.0
2516,enough corporate,1,,0.0
2517,corporate responsive,1,,0.0
2518,responsive likely,1,,0.0
2519,likely see,1,,0.0
2520,see company,1,,0.0
2521,company owner,1,,0.0
2522,owner visiting,1,,0.0
2523,visiting restaurant,1,,0.0
2524,restaurant check,1,,0.0
2525,check occasionally,1,,0.0
2526,atmosphere met,1,,0.0
2527,met really,1,,0.0
2528,people flexible,1,,0.0
2529,workers sociable,1,,0.0
2530,sociable crowd,1,,0.0
2531,crowd people,1,,0.0
2533,nice wen,1,,0.0
2534,wen hiring,1,,0.0
2535,hiring new,1,,0.0
2536,new employee,1,,0.0
2514,stay long,1,,0.0
2512,manager willing,1,,0.0
2538,teach base,1,,0.0
2511,becoming manager,1,,0.0
2490,computer training,1,,0.0
2491,training employees,1,,0.0
2492,employees learn,1,,0.0
2493,learn thing,1,,0.0
2494,thing decent,1,,0.0
2495,benefits fun,1,,0.0
2496,fun co,1,,0.0
2497,workers lgbt,1,,0.0
2498,lgbt friendly,1,,0.0
2499,friendly could,1,,0.0
2500,could usually,1,,0.0
2501,usually get,1,,0.0
2502,get time,1,,0.0
2503,time requested,1,,0.0
2504,requested advance,1,,0.0
2505,advance fast,1,,0.0
2506,environment train,1,,0.0
2507,train bar,1,,0.0
2508,bar tending,1,,0.0
2509,tending even,1,,0.0
2510,even becoming,1,,0.0
2537,employee teach,1,,0.0
2539,base really,1,,0.0
2588,need friday,1,,0.0
2565,weeks travelers,1,,0.0
2567,also likely,1,,0.0
2568,likely tip,1,,0.0
2569,tip majority,1,,0.0
2570,majority staff,1,,0.0
2571,work makes,1,,0.0
2572,great fun,1,,0.0
2573,atmosphere good,1,,0.0
2574,location company,1,,0.0
2575,good need,1,,0.0
2576,need flexible,1,,0.0
2577,schedule promote,1,,0.0
2578,promote teamwork,1,,0.0
2579,teamwork atmosphere,1,,0.0
2580,atmosphere offer,1,,0.0
2581,offer variety,1,,0.0
2582,variety incentive,1,,0.0
2583,incentive programs,1,,0.0
2584,programs philanthropic,1,,0.0
2585,philanthropic programs,1,,0.0
2586,programs employees,1,,0.0
2587,employees need,1,,0.0
2566,travelers also,1,,0.0
1784,outgoing individual,1,,0.0
2540,good new,1,,0.0
2563,ok paycheck,1,,0.0
2541,people join,1,,0.0
2542,join industry,1,,0.0
2543,industry latter,1,,0.0
2544,latter know,1,,0.0
2545,know lot,1,,0.0
2546,lot thing,1,,0.0
2548,great communication,1,,0.0
2549,communication works,1,,0.0
2550,works really,1,,0.0
2551,really well,1,,0.0
2552,well airport,1,,0.0
2553,airport location,1,,0.0
2554,location high,1,,0.0
2555,volume meet,1,,0.0
2556,people business,1,,0.0
2557,business never,1,,0.0
2558,never really,1,,0.0
2559,really slow,1,,0.0
2560,slow means,1,,0.0
2561,means earn,1,,0.0
2562,earn ok,1,,0.0
2694,hanging irate,1,,0.0
2695,irate customer,1,,0.0
2696,customer fun,1,,0.0
2823,good sense,1,,0.0
2825,teamwork employees,1,,0.0
2826,environment young,1,,0.0
2827,young restaurant,1,,0.0
2828,restaurant workers,1,,0.0
2829,schedules great,1,,0.0
2830,get foot,1,,0.0
2831,foot door,1,,0.0
2832,door serving,1,,0.0
2833,serving good,1,,0.0
2834,good experience,1,,0.0
2836,good friendships,1,,0.0
2837,friendships employees,1,,0.0
2838,employees customers,1,,0.0
2839,customers really,1,,0.0
2840,atmosphere genuinely,1,,0.0
2841,genuinely caring,1,,0.0
2842,caring management,1,,0.0
2843,management however,1,,0.0
2844,however 2012,1,,0.0
2845,2012 heavily,1,,0.0
2846,heavily changed,1,,0.0
2824,sense teamwork,1,,0.0
2822,decent training,1,,0.0
2848,management teamwork,1,,0.0
2821,package decent,1,,0.0
2798,hours many,1,,0.0
2799,many employment,1,,0.0
2800,employment opportunities,1,,0.0
2801,opportunities many,1,,0.0
2802,many stores,1,,0.0
2803,stores world,1,,0.0
2804,world transfer,1,,0.0
2805,transfer work,1,,0.0
2806,work using,1,,0.0
2807,using friday,1,,0.0
2808,friday passport,1,,0.0
2809,passport option,1,,0.0
2810,option friendly,1,,0.0
2812,environment employees,1,,0.0
2813,employees cool,1,,0.0
2814,cool become,1,,0.0
2815,become good,1,,0.0
2817,really relaxed,1,,0.0
2818,relaxed fun,1,,0.0
2819,staff nice,1,,0.0
2820,nice benefits,1,,0.0
2847,changed upper,1,,0.0
2849,teamwork depending,1,,0.0
2796,stations kitchen,1,,0.0
2876,experience depending,1,,0.0
2878,gm easy,1,,0.0
2879,easy manager,1,,0.0
2880,manager comes,1,,0.0
2881,comes money,1,,0.0
2882,money handling,1,,0.0
2883,handling pos,1,,0.0
2884,pos systems,1,,0.0
2885,systems back,1,,0.0
2886,back office,1,,0.0
2887,office pretty,1,,0.0
2888,easy benefits,1,,0.0
2889,vacations pass,1,,0.0
2890,pass porting,1,,0.0
2891,porting publicity,1,,0.0
2892,publicity advertisement,1,,0.0
2893,advertisement locations,1,,0.0
2894,locations decent,1,,0.0
2895,money friendly,1,,0.0
2896,environment supportive,1,,0.0
2897,supportive coworkers,1,,0.0
2898,coworkers schedule,1,,0.0
2877,store gm,1,,0.0
2875,caliber fun,1,,0.0
2851,store area,1,,0.0
2874,acceptable caliber,1,,0.0
2852,area work,1,,0.0
2853,work growing,1,,0.0
2854,growing menu,1,,0.0
2855,menu fresh,1,,0.0
2856,fresh menu,1,,0.0
2857,menu items,1,,0.0
2858,items vacation,1,,0.0
2859,time provided,1,,0.0
2860,provided work,1,,0.0
2862,experience useful,1,,0.0
2863,useful continuing,1,,0.0
2864,continuing career,1,,0.0
2865,career even,1,,0.0
2866,even experience,1,,0.0
2867,experience food,1,,0.0
2868,food services,1,,0.0
2869,services easily,1,,0.0
2870,easily transferable,1,,0.0
2871,transferable industries,1,,0.0
2872,industries training,1,,0.0
2873,training acceptable,1,,0.0
2797,kitchen flexible,1,,0.0
2795,efficient stations,1,,0.0
2697,excellent benefits,1,,0.0
2721,hours tips,1,,0.0
2723,company constantly,1,,0.0
2724,constantly striving,1,,0.0
2725,striving keep,1,,0.0
2726,keep latest,1,,0.0
2727,latest greatest,1,,0.0
2728,greatest drinks,1,,0.0
2729,drinks amp,1,,0.0
2730,amp entree,1,,0.0
2731,entree providing,1,,0.0
2732,providing time,1,,0.0
2733,time favorite,1,,0.0
2734,favorite consistency,1,,0.0
2735,consistency atmosphere,1,,0.0
2736,atmosphere nostalgic,1,,0.0
2737,nostalgic located,1,,0.0
2738,located miles,1,,0.0
2739,miles away,1,,0.0
2740,away legoland,1,,0.0
2741,legoland calls,1,,0.0
2742,calls great,1,,0.0
2743,great volume,1,,0.0
2722,workers great,1,,0.0
2720,restaurant fun,1,,0.0
2745,guests children,1,,0.0
2719,looking restaurant,1,,0.0
2698,health insurance,1,,0.0
2699,insurance 401k,1,,0.0
2700,401k tuition,1,,0.0
2701,tuition reimbursement,1,,0.0
2702,reimbursement flexibility,1,,0.0
2703,flexibility schedule,1,,0.0
2704,schedule student,1,,0.0
2705,student great,1,,0.0
2706,learn bartend,1,,0.0
2707,bartend great,1,,0.0
2708,program first,1,,0.0
2709,time servers,1,,0.0
2710,servers get,1,,0.0
2711,get prepared,1,,0.0
2712,prepared make,1,,0.0
2713,make sure,1,,0.0
2714,sure knowledge,1,,0.0
2715,knowledge hit,1,,0.0
2716,hit floor,1,,0.0
2717,floor nice,1,,0.0
2718,nice looking,1,,0.0
2744,volume guests,1,,0.0
2746,children tourist,1,,0.0
2794,training efficient,1,,0.0
2771,bonus good,1,,0.0
2773,able attain,1,,0.0
2774,attain goals,1,,0.0
2775,goals set,1,,0.0
2776,set except,1,,0.0
2777,except stores,1,,0.0
2778,stores start,1,,0.0
2779,start bonus,1,,0.0
2780,bonus seems,1,,0.0
2781,seems bonus,1,,0.0
2782,structure changed,1,,0.0
2783,changed number,1,,0.0
2784,number vacation,1,,0.0
2785,vacation weeks,1,,0.0
2786,weeks generous,1,,0.0
2787,generous 1,1,,0.0
2788,1 2,1,,0.0
2789,2 food,1,,0.0
2790,cool clean,1,,0.0
2791,clean place,1,,0.0
2792,work local,1,,0.0
2793,local training,1,,0.0
2772,good able,1,,0.0
2770,customers bonus,1,,0.0
2747,tourist summer,1,,0.0
2769,friends customers,1,,0.0
2748,summer great,1,,0.0
2749,work around,1,,0.0
2750,around people,1,,0.0
2751,people age,1,,0.0
2752,age group,1,,0.0
2753,group team,1,,0.0
2754,members truly,1,,0.0
2755,truly nice,1,,0.0
2756,people deserve,1,,0.0
2757,deserve better,1,,0.0
2758,better work,1,,0.0
2759,well hours,1,,0.0
2760,school needed,1,,0.0
2761,needed benefits,1,,0.0
2762,available anyone,1,,0.0
2763,anyone management,1,,0.0
2764,management closeness,1,,0.0
2765,closeness developed,1,,0.0
2766,developed employees,1,,0.0
2767,employees able,1,,0.0
2768,able become,1,,0.0
1785,individual nice,1,,0.0
1652,ok food,1,,0.0
1783,shell outgoing,1,,0.0
618,became server,1,,0.0
608,structure company,1,,0.0
609,company fun,1,,0.0
610,fun amp,1,,0.0
611,amp friendly,1,,0.0
613,environment best,1,,0.0
614,best thing,1,,0.0
615,thing started,1,,0.0
616,started host,1,,0.0
617,host became,1,,0.0
619,server need,1,,0.0
606,within company,1,,0.0
620,need prior,1,,0.0
621,prior experience,1,,0.0
622,experience start,1,,0.0
624,working like,1,,0.0
625,like many,1,,0.0
626,many restaurants,1,,0.0
627,restaurants interview,1,,0.0
628,interview easy,1,,0.0
629,easy hire,1,,0.0
607,good structure,1,,0.0
605,progression within,1,,0.0
631,need ever,1,,0.0
591,nothing else,1,,0.0
580,always access,1,,0.0
581,access overtime,1,,0.0
582,overtime needed,1,,0.0
583,needed discounted,1,,0.0
585,meals employees,1,,0.0
586,employees decent,1,,0.0
588,benefits use,1,,0.0
589,use great,1,,0.0
590,great nothing,1,,0.0
592,else nice,1,,0.0
604,good progression,1,,0.0
593,nice say,1,,0.0
594,say business,1,,0.0
595,business family,1,,0.0
596,family like,1,,0.0
597,like team,1,,0.0
598,team managers,1,,0.0
600,tips double,1,,0.0
601,double wage,1,,0.0
602,wage pretty,1,,0.0
630,hire need,1,,0.0
632,ever position,1,,0.0
912,lot new,1,,0.0
670,work day,1,,0.0
659,one favorite,1,,0.0
660,favorite parts,1,,0.0
661,parts working,1,,0.0
662,working flexible,1,,0.0
664,time shifts,1,,0.0
665,shifts flexible,1,,0.0
667,scheduling especially,1,,0.0
668,especially available,1,,0.0
669,available work,1,,0.0
671,day great,1,,0.0
657,restaurant outgoing,1,,0.0
673,hours mind,1,,0.0
674,mind spending,1,,0.0
675,spending entire,1,,0.0
676,entire night,1,,0.0
682,training friendly,1,,0.0
683,friendly waiting,1,,0.0
684,waiting staff,1,,0.0
687,hours food,1,,0.0
688,great mst,1,,0.0
658,outgoing one,1,,0.0
656,bartender atmosphere,1,,0.0
633,position applying,1,,0.0
644,almost every,1,,0.0
634,applying managers,1,,0.0
635,managers change,1,,0.0
636,change many,1,,0.0
637,many reasonable,1,,0.0
638,reasonable job,1,,0.0
639,job others,1,,0.0
640,others laid,1,,0.0
642,back employees,1,,0.0
643,employees almost,1,,0.0
645,every one,1,,0.0
655,eventually bartender,1,,0.0
646,one welcoming,1,,0.0
647,welcoming fun,1,,0.0
648,fun around,1,,0.0
649,around start,1,,0.0
650,working host,1,,0.0
651,host work,1,,0.0
652,work way,1,,0.0
653,way server,1,,0.0
654,server eventually,1,,0.0
578,pass quickly,1,,0.0
577,time pass,1,,0.0
576,made time,1,,0.0
500,brand iconic,1,,0.0
490,little badges,1,,0.0
491,badges recognition,1,,0.0
492,recognition receive,1,,0.0
493,receive version,1,,0.0
494,version scratch,1,,0.0
496,cards win,1,,0.0
497,win good,1,,0.0
498,good prizes,1,,0.0
499,prizes brand,1,,0.0
501,iconic rich,1,,0.0
488,cool receive,1,,0.0
502,rich history,1,,0.0
503,history culture,1,,0.0
504,culture fun,1,,0.0
505,environment nice,1,,0.0
506,nice guests,1,,0.0
507,guests gives,1,,0.0
508,gives restaurant,1,,0.0
509,restaurant experience,1,,0.0
514,right team,1,,0.0
489,receive little,1,,0.0
487,uniform cool,1,,0.0
575,environment made,1,,0.0
474,people hired,1,,0.0
465,5 55,1,,0.0
466,55 hour,1,,0.0
467,hour got,1,,0.0
468,got small,1,,0.0
469,small percentage,1,,0.0
470,percentage waiters,1,,0.0
471,waiters tips,1,,0.0
472,tips lot,1,,0.0
473,lot people,1,,0.0
475,hired young,1,,0.0
486,months uniform,1,,0.0
476,young age,1,,0.0
477,age fun,1,,0.0
478,environment everyone,1,,0.0
479,everyone happy,1,,0.0
480,happy get,1,,0.0
482,food worked,1,,0.0
483,worked company,1,,0.0
484,company 3,1,,0.0
485,3 months,1,,0.0
515,team place,1,,0.0
518,people rules,1,,0.0
519,rules good,1,,0.0
560,tips quick,1,,0.0
547,social environment,1,,0.0
548,environment room,1,,0.0
549,room move,1,,0.0
550,move company,1,,0.0
553,environment came,1,,0.0
554,came teamwork,1,,0.0
555,teamwork nice,1,,0.0
556,nice pay,1,,0.0
557,pay nice,1,,0.0
562,cash improves,1,,0.0
520,good times,1,,0.0
563,improves communication,1,,0.0
564,communication skills,1,,0.0
565,skills great,1,,0.0
566,great bar,1,,0.0
567,bar training,1,,0.0
568,training nice,1,,0.0
569,nice work,1,,0.0
571,friendly atmosphere,1,,0.0
572,atmosphere busy,1,,0.0
546,bad social,1,,0.0
545,compensation bad,1,,0.0
544,team compensation,1,,0.0
543,depending team,1,,0.0
521,times keep,1,,0.0
522,keep tips,1,,0.0
524,hours bad,1,,0.0
525,bad place,1,,0.0
526,work time,1,,0.0
528,hours decent,1,,0.0
530,money regulars,1,,0.0
531,regulars staff,1,,0.0
532,staff keep,1,,0.0
533,keep others,1,,0.0
534,others going,1,,0.0
535,going sometimes,1,,0.0
536,sometimes fun,1,,0.0
537,environment depending,1,,0.0
538,depending managers,1,,0.0
539,managers enjoyable,1,,0.0
540,enjoyable peak,1,,0.0
541,peak shifts,1,,0.0
542,shifts depending,1,,0.0
689,mst time,1,,0.0
690,time free,1,,0.0
692,managers understanding,1,,0.0
845,training system,1,,0.0
834,tips pretty,1,,0.0
835,good rules,1,,0.0
836,rules strict,1,,0.0
837,strict fun,1,,0.0
839,staff 50,1,,0.0
840,discount easy,1,,0.0
841,easy hours,1,,0.0
842,hours workaround,1,,0.0
843,workaround great,1,,0.0
846,system compare,1,,0.0
832,food somewhat,1,,0.0
847,compare business,1,,0.0
848,business taiwan,1,,0.0
849,taiwan nothing,1,,0.0
850,nothing terribly,1,,0.0
851,terribly despicable,1,,0.0
852,despicable crazy,1,,0.0
853,crazy requirements,1,,0.0
854,requirements try,1,,0.0
855,try put,1,,0.0
833,somewhat tips,1,,0.0
831,alcohol food,1,,0.0
797,people sometimes,1,,0.0
810,friendly hand,1,,0.0
799,okay pay,1,,0.0
800,pay busy,1,,0.0
801,environment discounted,1,,0.0
802,discounted food,1,,0.0
805,workers time,1,,0.0
806,good vacation,1,,0.0
807,vacation pretty,1,,0.0
808,pretty much,1,,0.0
809,much coworkers,1,,0.0
811,hand cash,1,,0.0
830,trains alcohol,1,,0.0
812,cash really,1,,0.0
814,food enjoy,1,,0.0
815,enjoy working,1,,0.0
816,working morning,1,,0.0
817,morning shifts,1,,0.0
818,shifts friendly,1,,0.0
822,management make,1,,0.0
828,get flexible,1,,0.0
829,scheduling trains,1,,0.0
856,put anything,1,,0.0
857,anything get,1,,0.0
858,get hahaha,1,,0.0
899,enthusiasm ok,1,,0.0
889,needed run,1,,0.0
890,run floor,1,,0.0
891,floor occasionally,1,,0.0
892,occasionally make,1,,0.0
893,money mostly,1,,0.0
894,mostly fun,1,,0.0
896,employees server,1,,0.0
897,server manager,1,,0.0
898,manager enthusiasm,1,,0.0
900,ok job,1,,0.0
859,hahaha 20,1,,0.0
901,job organized,1,,0.0
902,organized restaurant,1,,0.0
903,restaurant company,1,,0.0
904,company made,1,,0.0
905,made easy,1,,0.0
906,easy sell,1,,0.0
907,sell food,1,,0.0
908,drinks good,1,,0.0
909,good prices,1,,0.0
888,currently needed,1,,0.0
887,staff currently,1,,0.0
885,due small,1,,0.0
884,working due,1,,0.0
860,words adding,1,,0.0
861,adding good,1,,0.0
862,good flexibility,1,,0.0
863,flexibility company,1,,0.0
864,company skates,1,,0.0
865,skates edge,1,,0.0
866,edge law,1,,0.0
867,law comes,1,,0.0
868,comes hr,1,,0.0
869,hr friendly,1,,0.0
873,program great,1,,0.0
875,management worked,1,,0.0
876,worked host,1,,0.0
877,host opportunity,1,,0.0
878,opportunity become,1,,0.0
879,become server,1,,0.0
881,within 2,1,,0.0
882,2 months,1,,0.0
883,months working,1,,0.0
798,sometimes okay,1,,0.0
796,server great,1,,0.0
693,understanding nice,1,,0.0
729,busy could,1,,0.0
720,needed could,1,,0.0
721,could worked,1,,0.0
722,worked around,1,,0.0
723,around get,1,,0.0
724,get sent,1,,0.0
725,sent home,1,,0.0
726,home summer,1,,0.0
727,summer days,1,,0.0
728,days busy,1,,0.0
730,could also,1,,0.0
718,nice days,1,,0.0
731,also seen,1,,0.0
732,seen good,1,,0.0
733,good thing,1,,0.0
734,thing people,1,,0.0
735,work amazing,1,,0.0
736,amazing guess,1,,0.0
737,guess cause,1,,0.0
738,cause everyone,1,,0.0
740,works feel,1,,0.0
719,days needed,1,,0.0
717,appetizers nice,1,,0.0
795,successful server,1,,0.0
704,want keep,1,,0.0
694,nice money,1,,0.0
696,made especially,1,,0.0
697,especially around,1,,0.0
698,around football,1,,0.0
699,football season,1,,0.0
700,season looking,1,,0.0
701,looking forward,1,,0.0
702,forward work,1,,0.0
703,work want,1,,0.0
705,keep streets,1,,0.0
716,price appetizers,1,,0.0
706,streets make,1,,0.0
707,money right,1,,0.0
708,right way,1,,0.0
709,way also,1,,0.0
710,also make,1,,0.0
711,make restaurant,1,,0.0
712,restaurant better,1,,0.0
713,better place,1,,0.0
714,place half,1,,0.0
741,feel pressure,1,,0.0
742,pressure together,1,,0.0
743,together good,1,,0.0
783,workers almost,1,,0.0
771,minimum soo,1,,0.0
772,soo yeah,1,,0.0
773,yeah great,1,,0.0
774,great hour,1,,0.0
775,hour amazing,1,,0.0
779,fun interacting,1,,0.0
780,interacting job,1,,0.0
781,job enthusiastic,1,,0.0
782,enthusiastic co,1,,0.0
784,almost amongst,1,,0.0
745,place young,1,,0.0
785,amongst age,1,,0.0
786,age range,1,,0.0
787,range makes,1,,0.0
788,makes easy,1,,0.0
789,work influential,1,,0.0
790,influential helpful,1,,0.0
791,helpful making,1,,0.0
793,sure strive,1,,0.0
794,strive successful,1,,0.0
770,words minimum,1,,0.0
768,write 20,1,,0.0
767,pros write,1,,0.0
766,really pros,1,,0.0
746,young people,1,,0.0
748,workers always,1,,0.0
749,always chill,1,,0.0
750,chill management,1,,0.0
751,management predictable,1,,0.0
752,predictable customers,1,,0.0
753,customers mostly,1,,0.0
754,mostly tourist,1,,0.0
755,tourist nice,1,,0.0
756,nice regulars,1,,0.0
757,regulars nightmare,1,,0.0
758,nightmare night,1,,0.0
759,night goes,1,,0.0
760,goes well,1,,0.0
761,well make,1,,0.0
762,make pretty,1,,0.0
763,tips coworkers,1,,0.0
764,friendly mostly,1,,0.0
765,mostly really,1,,0.0
464,pay 5,1,,0.0
462,holiday pay,1,,0.0
461,receive holiday,1,,0.0
169,salary meal,1,,0.0
156,people relaxed,1,,0.0
157,relaxed environment,1,,0.0
159,food greasy,1,,0.0
160,greasy yet,1,,0.0
161,yet really,1,,0.0
163,good forth,1,,0.0
164,forth till,1,,0.0
165,till end,1,,0.0
166,end time,1,,0.0
170,meal discount,1,,0.0
153,arsed weekly,1,,0.0
171,discount customer,1,,0.0
173,service training,1,,0.0
174,training beneficial,1,,0.0
175,beneficial lots,1,,0.0
176,lots hours,1,,0.0
177,hours excellent,1,,0.0
178,excellent learn,1,,0.0
179,learn manage,1,,0.0
180,manage time,1,,0.0
154,weekly pay,1,,0.0
152,management arsed,1,,0.0
123,resources department,1,,0.0
137,late night,1,,0.0
127,ok regular,1,,0.0
129,customers always,1,,0.0
130,always changing,1,,0.0
131,changing menu,1,,0.0
132,menu means,1,,0.0
133,means always,1,,0.0
134,always bringing,1,,0.0
135,bringing guests,1,,0.0
136,guests late,1,,0.0
138,night venue,1,,0.0
151,reconigntion management,1,,0.0
139,venue generate,1,,0.0
140,generate profits,1,,0.0
141,profits means,1,,0.0
142,means higher,1,,0.0
143,higher bonus,1,,0.0
144,bonus tips,1,,0.0
145,tips food,1,,0.0
149,flexible shifts,1,,0.0
150,shifts reconigntion,1,,0.0
181,time schedule,1,,0.0
182,schedule enough,1,,0.0
183,enough people,1,,0.0
218,great freedom,1,,0.0
209,staff restaurant,1,,0.0
210,restaurant thought,1,,0.0
211,thought employees,1,,0.0
212,employees amazing,1,,0.0
213,amazing hard,1,,0.0
214,hard time,1,,0.0
215,time leaving,1,,0.0
216,leaving regulars,1,,0.0
217,regulars great,1,,0.0
219,freedom local,1,,0.0
185,people schedule,1,,0.0
220,local beer,1,,0.0
221,beer choices,1,,0.0
222,choices nice,1,,0.0
223,nice tgif,1,,0.0
224,tgif widely,1,,0.0
225,widely known,1,,0.0
227,brand stores,1,,0.0
228,stores usually,1,,0.0
230,busy reason,1,,0.0
208,food staff,1,,0.0
207,managers free,1,,0.0
206,experienced managers,1,,0.0
205,environment experienced,1,,0.0
186,schedule show,1,,0.0
187,show paid,1,,0.0
188,paid ok,1,,0.0
189,ok coworkers,1,,0.0
190,nice working,1,,0.0
191,working gave,1,,0.0
192,gave knowledge,1,,0.0
193,knowledge base,1,,0.0
194,base developed,1,,0.0
195,developed skills,1,,0.0
196,skills efficiently,1,,0.0
197,efficiently open,1,,0.0
198,open restaurant,1,,0.0
199,restaurant ground,1,,0.0
200,ground profitably,1,,0.0
201,profitably operate,1,,0.0
202,operate great,1,,0.0
203,great learning,1,,0.0
204,learning environment,1,,0.0
124,department awesome,1,,0.0
122,human resources,1,,0.0
232,constant flow,1,,0.0
54,grant request,1,,0.0
38,team atmosphere,1,,0.0
39,atmosphere free,1,,0.0
40,food get,1,,0.0
44,people everyday,1,,0.0
45,everyday money,1,,0.0
47,good coworkers,1,,0.0
51,well school,1,,0.0
52,school hours,1,,0.0
53,hours grant,1,,0.0
55,request submitted,1,,0.0
35,hustle abilities,1,,0.0
56,submitted advanced,1,,0.0
57,advanced leaving,1,,0.0
58,leaving early,1,,0.0
59,early getting,1,,0.0
60,getting food,1,,0.0
61,food getting,1,,0.0
62,getting help,1,,0.0
63,help needed,1,,0.0
64,needed lovely,1,,0.0
36,abilities great,1,,0.0
34,based hustle,1,,0.0
121,drinks human,1,,0.0
17,thanks people,1,,0.0
2,job employees,1,,0.0
4,fun relatable,1,,0.0
5,relatable co,1,,0.0
6,co worker,1,,0.0
7,worker employees,1,,0.0
9,work enough,1,,0.0
10,enough hours,1,,0.0
15,excellent time,1,,0.0
16,time thanks,1,,0.0
19,worked training,1,,0.0
33,want based,1,,0.0
20,training get,1,,0.0
21,get free,1,,0.0
23,food teamwork,1,,0.0
24,teamwork really,1,,0.0
27,atmosphere managers,1,,0.0
29,good mood,1,,0.0
30,mood make,1,,0.0
31,make much,1,,0.0
32,much want,1,,0.0
65,lovely team,1,,0.0
66,team work,1,,0.0
67,work everyone,1,,0.0
104,section becomes,1,,0.0
95,double shift,1,,0.0
96,shift 100,1,,0.0
97,100 cash,1,,0.0
98,tips job,1,,0.0
99,job right,1,,0.0
100,right lot,1,,0.0
101,lot independance,1,,0.0
102,independance handed,1,,0.0
103,handed section,1,,0.0
105,becomes sole,1,,0.0
68,everyone floor,1,,0.0
106,sole responsibility,1,,0.0
107,responsibility best,1,,0.0
108,best staff,1,,0.0
109,staff training,1,,0.0
110,training amazing,1,,0.0
111,amazing guests,1,,0.0
112,guests place,1,,0.0
113,place makes,1,,0.0
119,workers discount,1,,0.0
94,saturday double,1,,0.0
93,friday saturday,1,,0.0
92,leave friday,1,,0.0
91,expect leave,1,,0.0
69,floor great,1,,0.0
70,great laugh,1,,0.0
71,laugh try,1,,0.0
72,try help,1,,0.0
73,help much,1,,0.0
74,much poss,1,,0.0
75,poss discount,1,,0.0
77,food multiple,1,,0.0
79,locations staff,1,,0.0
80,staff recognition,1,,0.0
81,recognition systems,1,,0.0
82,systems certain,1,,0.0
83,certain branches,1,,0.0
84,branches good,1,,0.0
85,good cash,1,,0.0
87,tips city,1,,0.0
88,city center,1,,0.0
89,center branches,1,,0.0
90,branches expect,1,,0.0
231,reason constant,1,,0.0
233,flow customers,1,,0.0
460,provided receive,1,,0.0
395,come mind,1,,0.0
381,discounts free,1,,0.0
383,uniform lovely,1,,0.0
384,lovely managers,1,,0.0
385,managers met,1,,0.0
386,met couple,1,,0.0
387,couple really,1,,0.0
392,guests honestly,1,,0.0
393,honestly none,1,,0.0
394,none come,1,,0.0
396,mind rewarding,1,,0.0
379,10 hours,1,,0.0
397,rewarding make,1,,0.0
398,make guests,1,,0.0
399,guests experience,1,,0.0
400,experience tgi,1,,0.0
401,tgi good,1,,0.0
402,good one,1,,0.0
403,one role,1,,0.0
404,role fast,1,,0.0
405,paced atmosphere,1,,0.0
380,hours discounts,1,,0.0
378,working 10,1,,0.0
351,tables training,1,,0.0
364,director free,1,,0.0
353,went pretty,1,,0.0
354,pretty well,1,,0.0
355,well would,1,,0.0
357,shadow someone,1,,0.0
358,someone would,1,,0.0
359,shadow flexible,1,,0.0
361,schedule multiple,1,,0.0
362,locations operations,1,,0.0
363,operations director,1,,0.0
365,food coworkers,1,,0.0
377,meal working,1,,0.0
367,friendly contests,1,,0.0
368,contests prizes,1,,0.0
369,prizes decent,1,,0.0
370,decent pay,1,,0.0
371,pay bartender,1,,0.0
372,bartender decent,1,,0.0
374,amount hours,1,,0.0
375,hours free,1,,0.0
376,free meal,1,,0.0
407,restaurant makes,1,,0.0
408,makes shift,1,,0.0
409,shift enjoyable,1,,0.0
448,called mohammed,1,,0.0
438,go quicker,1,,0.0
439,quicker also,1,,0.0
440,also kitchen,1,,0.0
441,kitchen manager,1,,0.0
443,good guy,1,,0.0
444,guy looks,1,,0.0
445,looks us,1,,0.0
446,us always,1,,0.0
447,always called,1,,0.0
449,mohammed qadir,1,,0.0
410,enjoyable good,1,,0.0
450,qadir 50,1,,0.0
452,discount four,1,,0.0
453,four people,1,,0.0
454,people free,1,,0.0
455,uniform working,1,,0.0
456,working 5,1,,0.0
457,5 hours,1,,0.0
458,hours meals,1,,0.0
459,meals provided,1,,0.0
437,time go,1,,0.0
436,makes time,1,,0.0
435,wich makes,1,,0.0
434,work wich,1,,0.0
413,busy fun,1,,0.0
415,environment quick,1,,0.0
416,quick way,1,,0.0
417,way make,1,,0.0
419,money teaches,1,,0.0
420,teaches interact,1,,0.0
421,interact rude,1,,0.0
422,rude customers,1,,0.0
423,customers keeping,1,,0.0
424,keeping composure,1,,0.0
425,composure customers,1,,0.0
426,customers app,1,,0.0
427,app drink,1,,0.0
428,drink special,1,,0.0
429,special good,1,,0.0
430,good kitchen,1,,0.0
431,kitchen team,1,,0.0
432,team fast,1,,0.0
433,paced work,1,,0.0
352,training went,1,,0.0
348,require experience,1,,0.0
234,customers individual,1,,0.0
280,pace challenging,1,,0.0
268,member positive,1,,0.0
269,positive attitudes,1,,0.0
270,attitudes fast,1,,0.0
272,paced income,1,,0.0
273,income life,1,,0.0
274,life time,1,,0.0
276,friends networking,1,,0.0
277,networking guests,1,,0.0
278,guests fast,1,,0.0
281,challenging great,1,,0.0
266,work hours,1,,0.0
282,work usually,1,,0.0
283,usually staffed,1,,0.0
284,staffed good,1,,0.0
286,people easy,1,,0.0
288,work side,1,,0.0
289,side side,1,,0.0
290,side long,1,,0.0
292,hours demanding,1,,0.0
293,demanding dynamic,1,,0.0
267,team member,1,,0.0
261,best part,1,,0.0
347,restaurant require,1,,0.0
245,mixology bar,1,,0.0
235,individual table,1,,0.0
236,table sales,1,,0.0
237,sales high,1,,0.0
238,high make,1,,0.0
239,make turnover,1,,0.0
240,turnover brand,1,,0.0
242,well established,1,,0.0
243,established focus,1,,0.0
244,focus mixology,1,,0.0
246,bar knowledge,1,,0.0
260,location best,1,,0.0
247,knowledge encourage,1,,0.0
248,encourage bar,1,,0.0
250,flair 50,1,,0.0
252,food shift,1,,0.0
253,shift 25,1,,0.0
254,25 people,1,,0.0
256,coworkers guests,1,,0.0
257,guests high,1,,0.0
259,volume location,1,,0.0
294,dynamic environment,1,,0.0
295,environment flexible,1,,0.0
297,hours make,1,,0.0
336,busy offered,1,,0.0
326,going people,1,,0.0
327,people come,1,,0.0
328,come weekend,1,,0.0
329,weekend night,1,,0.0
330,night least,1,,0.0
331,least make,1,,0.0
332,make 100,1,,0.0
333,100 bucks,1,,0.0
334,bucks always,1,,0.0
337,offered solid,1,,0.0
299,great side,1,,0.0
338,solid benefits,1,,0.0
339,benefits work,1,,0.0
340,work nicest,1,,0.0
341,nicest people,1,,0.0
342,people one,1,,0.0
343,one best,1,,0.0
344,best managers,1,,0.0
345,managers ever,1,,0.0
346,ever restaurant,1,,0.0
325,always going,1,,0.0
324,restaurant always,1,,0.0
323,chain restaurant,1,,0.0
322,job chain,1,,0.0
300,side job,1,,0.0
301,job going,1,,0.0
302,going school,1,,0.0
303,school flexible,1,,0.0
304,hours usually,1,,0.0
305,busy came,1,,0.0
306,came serving,1,,0.0
307,serving experience,1,,0.0
308,experience learned,1,,0.0
309,learned basics,1,,0.0
311,serving helped,1,,0.0
312,helped move,1,,0.0
313,move bigger,1,,0.0
314,bigger better,1,,0.0
315,better things,1,,0.0
316,things large,1,,0.0
317,large staff,1,,0.0
318,staff looking,1,,0.0
319,looking meet,1,,0.0
910,prices meet,1,,0.0
913,people co,1,,0.0
1782,come shell,1,,0.0
1509,seeing regulars,1,,0.0
1500,people customers,1,,0.0
1501,customers enjoyed,1,,0.0
1502,enjoyed learning,1,,0.0
1503,learning hospitality,1,,0.0
1504,hospitality skills,1,,0.0
1505,skills organization,1,,0.0
1506,organization restaurant,1,,0.0
1507,restaurant loved,1,,0.0
1508,loved seeing,1,,0.0
1510,regulars week,1,,0.0
1497,longest worked,1,,0.0
1511,week week,1,,0.0
1512,week fast,1,,0.0
1513,money business,1,,0.0
1514,business good,1,,0.0
1515,good discount,1,,0.0
1516,food like,1,,0.0
1517,like eat,1,,0.0
1518,eat job,1,,0.0
1519,job bad,1,,0.0
1498,worked lots,1,,0.0
1496,ones longest,1,,0.0
1521,exgusting consistent,1,,0.0
1482,helpful fast,1,,0.0
1473,offer flexible,1,,0.0
1474,schedules request,1,,0.0
1475,request certain,1,,0.0
1476,certain days,1,,0.0
1477,days employees,1,,0.0
1478,employees tend,1,,0.0
1479,tend nice,1,,0.0
1480,nice management,1,,0.0
1481,management helpful,1,,0.0
1484,money ability,1,,0.0
1495,coworkers ones,1,,0.0
1485,ability make,1,,0.0
1486,friends flexibility,1,,0.0
1487,flexibility creating,1,,0.0
1488,creating schedule,1,,0.0
1489,schedule understanding,1,,0.0
1490,understanding managers,1,,0.0
1492,nice coworkers,1,,0.0
1493,coworkers best,1,,0.0
1494,best coworkers,1,,0.0
1520,bad exgusting,1,,0.0
1522,consistent table,1,,0.0
915,fun fun,1,,0.0
1558,support encourage,1,,0.0
1549,easygoing get,1,,0.0
1550,get discount,1,,0.0
1551,nice lot,1,,0.0
1552,lot coworkers,1,,0.0
1553,coworkers like,1,,0.0
1554,like siblings,1,,0.0
1555,siblings family,1,,0.0
1556,family stick,1,,0.0
1557,stick support,1,,0.0
1559,encourage console,1,,0.0
1547,managers pretty,1,,0.0
1560,console true,1,,0.0
1561,true friends,1,,0.0
1562,friends shift,1,,0.0
1563,shift meal,1,,0.0
1564,meal discounts,1,,0.0
1565,discounts get,1,,0.0
1566,50 everything,1,,0.0
1567,everything except,1,,0.0
1568,except alcohol,1,,0.0
1548,pretty easygoing,1,,0.0
1546,cool managers,1,,0.0
1523,table turn,1,,0.0
1534,always something,1,,0.0
1524,turn around,1,,0.0
1525,around always,1,,0.0
1526,busy easy,1,,0.0
1527,easy make,1,,0.0
1528,make ton,1,,0.0
1529,ton tips,1,,0.0
1530,move become,1,,0.0
1531,become shift,1,,0.0
1533,leader quickly,1,,0.0
1535,something never,1,,0.0
1545,pretty cool,1,,0.0
1536,never bored,1,,0.0
1537,bored hostesses,1,,0.0
1538,hostesses nice,1,,0.0
1539,atmosphere friendly,1,,0.0
1540,coworkers busy,1,,0.0
1541,work flow,1,,0.0
1542,flow people,1,,0.0
1543,work likely,1,,0.0
1544,likely pretty,1,,0.0
1472,money offer,1,,0.0
1470,movement potential,1,,0.0
1469,lot movement,1,,0.0
1403,products sometimes,1,,0.0
1380,atmosphere casual,1,,0.0
1381,casual occasionally,1,,0.0
1396,work waitresses,1,,0.0
1397,waitresses worked,1,,0.0
1398,worked nice,1,,0.0
1399,nice give,1,,0.0
1400,give samples,1,,0.0
1401,samples new,1,,0.0
1402,new products,1,,0.0
1404,sometimes give,1,,0.0
1376,opportunity make,1,,0.0
1405,give free,1,,0.0
1406,free meals,1,,0.0
1407,meals good,1,,0.0
1409,location make,1,,0.0
1410,tips making,1,,0.0
1411,making minimum,1,,0.0
1413,wage back,1,,0.0
1414,back breaking,1,,0.0
1415,breaking work,1,,0.0
1379,hard atmosphere,1,,0.0
1375,tips opportunity,1,,0.0
1468,requires lot,1,,0.0
1362,flexibility depindiblity,1,,0.0
1351,fair management,1,,0.0
1352,would try,1,,0.0
1353,try accommodate,1,,0.0
1354,accommodate every,1,,0.0
1355,every ones,1,,0.0
1356,ones needs,1,,0.0
1357,needs great,1,,0.0
1359,tips meeting,1,,0.0
1361,people flexibility,1,,0.0
1363,depindiblity consistent,1,,0.0
1374,earn great,1,,0.0
1364,consistent ever,1,,0.0
1365,ever changing,1,,0.0
1366,changing fridays,1,,0.0
1367,fridays well,1,,0.0
1369,brand cherished,1,,0.0
1370,cherished excellent,1,,0.0
1371,excellent custumers,1,,0.0
1372,custumers also,1,,0.0
1373,also earn,1,,0.0
1416,work managers,1,,0.0
1417,managers amazing,1,,0.0
1418,amazing helps,1,,0.0
1453,energy atomosphere,1,,0.0
1444,schedule simple,1,,0.0
1445,simple uniform,1,,0.0
1446,uniform jeans,1,,0.0
1447,jeans provide,1,,0.0
1448,provide shirt,1,,0.0
1449,shirt somewhat,1,,0.0
1450,somewhat laid,1,,0.0
1451,back atmosphere,1,,0.0
1452,great energy,1,,0.0
1454,atomosphere high,1,,0.0
1419,helps crew,1,,0.0
1455,volume great,1,,0.0
1457,work place,1,,0.0
1459,times fast,1,,0.0
1460,paced discounts,1,,0.0
1462,family environment,1,,0.0
1463,environment friendly,1,,0.0
1465,job active,1,,0.0
1466,active job,1,,0.0
1467,job requires,1,,0.0
1442,best work,1,,0.0
1441,tries best,1,,0.0
1440,management tries,1,,0.0
1439,workers management,1,,0.0
1420,crew members,1,,0.0
1421,members usually,1,,0.0
1422,usually fun,1,,0.0
1423,fun 50,1,,0.0
1424,food marc,1,,0.0
1425,marc cards,1,,0.0
1426,cards scratch,1,,0.0
1427,cards given,1,,0.0
1428,given win,1,,0.0
1429,win bar,1,,0.0
1430,bar tabs,1,,0.0
1431,tabs desserts,1,,0.0
1432,desserts etc,1,,0.0
1433,etc small,1,,0.0
1434,staff turnover,1,,0.0
1435,turnover means,1,,0.0
1436,means everyone,1,,0.0
1437,everyone knows,1,,0.0
1438,knows good,1,,0.0
1569,alcohol course,1,,0.0
1570,course three,1,,0.0
1571,three years,1,,0.0
1719,corporate discount,1,,0.0
1698,pocket every,1,,0.0
1699,shift managers,1,,0.0
1711,free company,1,,0.0
1712,company provided,1,,0.0
1713,provided good,1,,0.0
1714,good 401k,1,,0.0
1716,health care,1,,0.0
1717,care benefits,1,,0.0
1718,benefits corporate,1,,0.0
1720,discount card,1,,0.0
1696,hours cash,1,,0.0
1721,card use,1,,0.0
1722,use restaurants,1,,0.0
1723,restaurants inspiring,1,,0.0
1724,inspiring corporate,1,,0.0
1725,corporate restaurant,1,,0.0
1726,restaurant culture,1,,0.0
1727,culture built,1,,0.0
1728,built past,1,,0.0
1729,past 50,1,,0.0
1697,cash pocket,1,,0.0
1695,stability flexible,1,,0.0
1669,handle fast,1,,0.0
1683,good career,1,,0.0
1672,tasking job,1,,0.0
1673,job easy,1,,0.0
1674,easy concept,1,,0.0
1675,concept fun,1,,0.0
1676,fun upbeat,1,,0.0
1677,upbeat want,1,,0.0
1678,want feel,1,,0.0
1680,family member,1,,0.0
1681,member training,1,,0.0
1684,career opportunities,1,,0.0
1694,corporate stability,1,,0.0
1685,opportunities always,1,,0.0
1686,always available,1,,0.0
1687,available management,1,,0.0
1688,management conference,1,,0.0
1689,conference every,1,,0.0
1690,every year,1,,0.0
1691,year nice,1,,0.0
1692,nice great,1,,0.0
1693,program corporate,1,,0.0
1730,50 years,1,,0.0
1731,years nothing,1,,0.0
1732,nothing horrible,1,,0.0
1770,regularly see,1,,0.0
1761,work staff,1,,0.0
1762,staff generally,1,,0.0
1763,generally fantastic,1,,0.0
1764,fantastic made,1,,0.0
1765,made brilliant,1,,0.0
1766,brilliant friends,1,,0.0
1767,friends working,1,,0.0
1768,working still,1,,0.0
1769,still regularly,1,,0.0
1771,see friends,1,,0.0
1733,horrible company,1,,0.0
1772,friends worked,1,,0.0
1773,worked 4,1,,0.0
1774,4 5,1,,0.0
1775,5 years,1,,0.0
1776,years fun,1,,0.0
1778,atmosphere buy,1,,0.0
1779,buy company,1,,0.0
1780,company willing,1,,0.0
1781,willing come,1,,0.0
1759,people get,1,,0.0
1758,environment people,1,,0.0
1757,working environment,1,,0.0
1756,enjoyable working,1,,0.0
1734,especially college,1,,0.0
1735,college student,1,,0.0
1736,student quick,1,,0.0
1739,flexible request,1,,0.0
1740,request fun,1,,0.0
1741,fun brand,1,,0.0
1742,brand exciting,1,,0.0
1743,exciting projects,1,,0.0
1744,projects quality,1,,0.0
1745,quality team,1,,0.0
1747,members outstanding,1,,0.0
1748,outstanding particularly,1,,0.0
1749,particularly front,1,,0.0
1750,front house,1,,0.0
1751,house often,1,,0.0
1752,often made,1,,0.0
1753,made tgis,1,,0.0
1754,tgis really,1,,0.0
1755,really enjoyable,1,,0.0
1670,paced multi,1,,0.0
1668,friends handle,1,,0.0
1572,years working,1,,0.0
1607,increase pay,1,,0.0
1598,told various,1,,0.0
1599,various people,1,,0.0
1600,people including,1,,0.0
1601,including managers,1,,0.0
1602,managers many,1,,0.0
1603,many times,1,,0.0
1604,times prior,1,,0.0
1605,prior deserved,1,,0.0
1606,deserved increase,1,,0.0
1608,pay employees,1,,0.0
1596,even though,1,,0.0
1609,employees friendly,1,,0.0
1610,friendly people,1,,0.0
1611,people flexable,1,,0.0
1612,flexable schedules,1,,0.0
1613,schedules perfect,1,,0.0
1614,perfect students,1,,0.0
1615,students offer,1,,0.0
1616,offer good,1,,0.0
1617,benefits pro,1,,0.0
1597,though told,1,,0.0
1595,raise even,1,,0.0
1666,guests become,1,,0.0
1582,course getting,1,,0.0
1573,working occasional,1,,0.0
1574,occasional pay,1,,0.0
1575,pay raises,1,,0.0
1576,raises time,1,,0.0
1577,time resigned,1,,0.0
1578,resigned proper,1,,0.0
1579,proper two,1,,0.0
1580,weeks notice,1,,0.0
1581,notice course,1,,0.0
1583,getting paid,1,,0.0
1594,first raise,1,,0.0
1584,paid 1,1,,0.0
1585,1 50,1,,0.0
1586,50 starting,1,,0.0
1587,pay rate,1,,0.0
1588,rate hosts,1,,0.0
1589,hosts took,1,,0.0
1590,took year,1,,0.0
1591,year half,1,,0.0
1592,half get,1,,0.0
1618,pro really,1,,0.0
1619,really get,1,,0.0
1620,get make,1,,0.0
1655,money learning,1,,0.0
1645,later cares,1,,0.0
1646,cares certainly,1,,0.0
1647,certainly flexible,1,,0.0
1648,flexible hrs,1,,0.0
1649,hrs fun,1,,0.0
1650,fun god,1,,0.0
1651,god money,1,,0.0
1653,food quick,1,,0.0
1654,cash good,1,,0.0
1656,learning time,1,,0.0
1621,friends work,1,,0.0
1657,time mangeament,1,,0.0
1658,mangeament decent,1,,0.0
1659,money times,1,,0.0
1660,times flexible,1,,0.0
1661,scheduling staff,1,,0.0
1662,staff tends,1,,0.0
1663,tends bond,1,,0.0
1664,bond together,1,,0.0
1665,together guests,1,,0.0
1644,shows later,1,,0.0
1643,call shows,1,,0.0
1642,several call,1,,0.0
1641,place several,1,,0.0
1622,work cool,1,,0.0
1623,cool people,1,,0.0
1624,people payment,1,,0.0
1625,payment every,1,,0.0
1626,every week,1,,0.0
1627,week free,1,,0.0
1628,drinks shift,1,,0.0
1629,shift always,1,,0.0
1630,always meeting,1,,0.0
1631,meeting good,1,,0.0
1632,people fire,1,,0.0
1633,fire one,1,,0.0
1634,one great,1,,0.0
1635,great achievers,1,,0.0
1636,achievers unreliable,1,,0.0
1637,unreliable workers,1,,0.0
1638,workers lazy,1,,0.0
1639,lazy worker,1,,0.0
1640,worker place,1,,0.0
1350,hours fair,1,,0.0
1349,moved hours,1,,0.0
1348,people moved,1,,0.0
1066,looking first,1,,0.0
1057,atmosphere nice,1,,0.0
1058,nice regular,1,,0.0
1059,regular guest,1,,0.0
1060,guest good,1,,0.0
1061,food awesome,1,,0.0
1062,awesome customers,1,,0.0
1063,fun enviornment,1,,0.0
1064,enviornment good,1,,0.0
1065,people looking,1,,0.0
1067,job fun,1,,0.0
1052,social free,1,,0.0
1069,people lively,1,,0.0
1070,lively great,1,,0.0
1071,great college,1,,0.0
1072,college students,1,,0.0
1073,students great,1,,0.0
1074,great summer,1,,0.0
1075,summer jobs,1,,0.0
1076,jobs students,1,,0.0
1077,students coworkers,1,,0.0
1054,drinks discount,1,,0.0
1051,coworkers social,1,,0.0
1024,coca cola,1,,0.0
1038,lead positive,1,,0.0
1026,sprite lemonade,1,,0.0
1027,lemonade discount,1,,0.0
1028,discount 50,1,,0.0
1031,slow day,1,,0.0
1033,work load,1,,0.0
1034,load bad,1,,0.0
1035,bad especially,1,,0.0
1036,especially host,1,,0.0
1037,host lead,1,,0.0
1039,positive things,1,,0.0
1050,week friendly,1,,0.0
1040,things working,1,,0.0
1042,workers around,1,,0.0
1043,around age,1,,0.0
1044,age 18,1,,0.0
1045,18 26,1,,0.0
1046,26 great,1,,0.0
1047,work would,1,,0.0
1048,would quit,1,,0.0
1049,quit week,1,,0.0
1078,great kept,1,,0.0
1079,kept losing,1,,0.0
1080,losing mind,1,,0.0
1120,money lots,1,,0.0
1111,many challenges,1,,0.0
1112,challenges job,1,,0.0
1113,job along,1,,0.0
1114,along limited,1,,0.0
1115,limited traveling,1,,0.0
1116,traveling benefits,1,,0.0
1117,benefits great,1,,0.0
1118,team passionate,1,,0.0
1119,passionate money,1,,0.0
1121,lots free,1,,0.0
1081,mind generally,1,,0.0
1122,food busy,1,,0.0
1123,busy awesome,1,,0.0
1124,awesome support,1,,0.0
1125,support upper,1,,0.0
1126,upper managment,1,,0.0
1127,managment get,1,,0.0
1128,meet make,1,,0.0
1130,friends random,1,,0.0
1131,random stranger,1,,0.0
1110,enjoyed many,1,,0.0
1109,autonomy enjoyed,1,,0.0
1108,great autonomy,1,,0.0
1106,short customers,1,,0.0
1082,generally co,1,,0.0
1084,people could,1,,0.0
1086,fun got,1,,0.0
1087,got meet,1,,0.0
1088,lot interesting,1,,0.0
1089,interesting people,1,,0.0
1090,people employees,1,,0.0
1091,employees guests,1,,0.0
1092,guests looked,1,,0.0
1093,looked forward,1,,0.0
1094,forward going,1,,0.0
1095,going work,1,,0.0
1096,work days,1,,0.0
1100,work depending,1,,0.0
1101,depending location,1,,0.0
1102,location staff,1,,0.0
1103,staff helpful,1,,0.0
1104,helpful hours,1,,0.0
1105,hours short,1,,0.0
1025,cola sprite,1,,0.0
1023,water coca,1,,0.0
1133,around world,1,,0.0
954,business also,1,,0.0
944,scheduling kids,1,,0.0
945,kids college,1,,0.0
946,college like,1,,0.0
948,working corporate,1,,0.0
949,corporate company,1,,0.0
950,company versus,1,,0.0
951,versus family,1,,0.0
952,family owned,1,,0.0
953,owned business,1,,0.0
955,also best,1,,0.0
942,care improving,1,,0.0
956,best rewards,1,,0.0
957,rewards program,1,,0.0
958,program customers,1,,0.0
959,customers ever,1,,0.0
960,ever seen,1,,0.0
961,seen food,1,,0.0
962,good great,1,,0.0
963,job college,1,,0.0
964,college age,1,,0.0
943,improving flexible,1,,0.0
941,people care,1,,0.0
1022,like water,1,,0.0
926,listens fun,1,,0.0
917,atmosphere innovative,1,,0.0
918,innovative menu,1,,0.0
919,menu open,1,,0.0
920,open door,1,,0.0
921,door policy,1,,0.0
922,policy always,1,,0.0
923,always positive,1,,0.0
924,positive management,1,,0.0
925,management listens,1,,0.0
928,training want,1,,0.0
940,dos good,1,,0.0
929,want continue,1,,0.0
930,continue bartending,1,,0.0
931,bartending good,1,,0.0
932,work stay,1,,0.0
933,stay year,1,,0.0
934,year 401k,1,,0.0
937,available food,1,,0.0
938,food pretty,1,,0.0
939,good dos,1,,0.0
965,age student,1,,0.0
966,student looking,1,,0.0
967,looking gain,1,,0.0
1009,given cash,1,,0.0
1000,guaranteed 30,1,,0.0
1001,30 40,1,,0.0
1002,40 hours,1,,0.0
1003,hours week,1,,0.0
1004,week available,1,,0.0
1005,available weekends,1,,0.0
1006,weekends tips,1,,0.0
1007,tips share,1,,0.0
1008,share given,1,,0.0
1010,cash picked,1,,0.0
970,experience dealing,1,,0.0
1011,picked next,1,,0.0
1012,next morning,1,,0.0
1013,morning direct,1,,0.0
1014,direct deposit,1,,0.0
1015,deposit every,1,,0.0
1018,weeks unlimited,1,,0.0
1019,unlimited soft,1,,0.0
1020,soft drinks,1,,0.0
1021,drinks like,1,,0.0
999,students guaranteed,1,,0.0
998,time students,1,,0.0
997,full time,1,,0.0
996,job full,1,,0.0
971,dealing diverse,1,,0.0
972,diverse customers,1,,0.0
974,atmosphere easy,1,,0.0
976,move ranks,1,,0.0
977,ranks manager,1,,0.0
980,structure corporate,1,,0.0
981,corporate fair,1,,0.0
982,fair salary,1,,0.0
983,salary bonus,1,,0.0
984,bonus opportunity,1,,0.0
985,opportunity good,1,,0.0
987,benefits caring,1,,0.0
988,caring considerate,1,,0.0
989,considerate management,1,,0.0
990,management including,1,,0.0
991,including upper,1,,0.0
993,management busy,1,,0.0
994,busy store,1,,0.0
995,store great,1,,0.0
1132,stranger around,1,,0.0
1134,world good,1,,0.0
1347,passion people,1,,0.0
1274,great pro,1,,0.0
1264,server management,1,,0.0
1265,good flexible,1,,0.0
1267,schedules making,1,,0.0
1268,sure students,1,,0.0
1269,students classes,1,,0.0
1270,classes good,1,,0.0
1271,good brand,1,,0.0
1272,brand recognition,1,,0.0
1273,recognition great,1,,0.0
1275,pro making,1,,0.0
1262,computer senior,1,,0.0
1276,making pretty,1,,0.0
1280,would always,1,,0.0
1281,always deal,1,,0.0
1282,deal issues,1,,0.0
1283,issues felt,1,,0.0
1284,felt uncomfortable,1,,0.0
1285,uncomfortable great,1,,0.0
1288,pace gain,1,,0.0
1289,gain alot,1,,0.0
1263,senior server,1,,0.0
1261,done computer,1,,0.0
1236,unlimited money,1,,0.0
1247,easy place,1,,0.0
1238,making based,1,,0.0
1239,based performance,1,,0.0
1240,performance getting,1,,0.0
1241,getting time,1,,0.0
1242,time difficult,1,,0.0
1243,difficult job,1,,0.0
1244,job tasks,1,,0.0
1245,tasks demanding,1,,0.0
1246,demanding easy,1,,0.0
1250,hired serving,1,,0.0
1260,training done,1,,0.0
1251,serving job,1,,0.0
1252,job make,1,,0.0
1253,make quick,1,,0.0
1254,cash bartender,1,,0.0
1255,bartender lot,1,,0.0
1256,lot training,1,,0.0
1257,training bar,1,,0.0
1258,flair serving,1,,0.0
1259,serving training,1,,0.0
1290,alot experience,1,,0.0
1291,experience gain,1,,0.0
1292,experience learn,1,,0.0
1335,bartender great,1,,0.0
1323,decent guest,1,,0.0
1324,guest delightful,1,,0.0
1325,delightful potential,1,,0.0
1328,staff become,1,,0.0
1329,become like,1,,0.0
1330,family discounts,1,,0.0
1332,food able,1,,0.0
1333,able learn,1,,0.0
1334,learn bartender,1,,0.0
1337,place meet,1,,0.0
1293,learn use,1,,0.0
1338,new friends,1,,0.0
1339,friends make,1,,0.0
1340,staff happy,1,,0.0
1341,happy management,1,,0.0
1342,management people,1,,0.0
1343,people remain,1,,0.0
1344,remain company,1,,0.0
1345,company still,1,,0.0
1346,still passion,1,,0.0
1322,tips decent,1,,0.0
1321,family tips,1,,0.0
1319,treated like,1,,0.0
1318,professional treated,1,,0.0
1294,use pos,1,,0.0
1295,pos system,1,,0.0
1296,system room,1,,0.0
1298,growth knowledge,1,,0.0
1299,knowledge food,1,,0.0
1300,food industry,1,,0.0
1303,start fast,1,,0.0
1305,environment positive,1,,0.0
1306,positive environment,1,,0.0
1308,team management,1,,0.0
1309,management loved,1,,0.0
1310,loved location,1,,0.0
1311,location half,1,,0.0
1312,price food,1,,0.0
1313,good shift,1,,0.0
1314,shift patterns,1,,0.0
1315,patterns unit,1,,0.0
1316,unit worked,1,,0.0
1317,worked professional,1,,0.0
1237,money making,1,,0.0
1235,opportunities unlimited,1,,0.0
1135,tips especially,1,,0.0
1170,clientele cheap,1,,0.0
1161,business support,1,,0.0
1162,support management,1,,0.0
1163,management work,1,,0.0
1164,work holidays,1,,0.0
1165,holidays although,1,,0.0
1166,although highway,1,,0.0
1167,highway always,1,,0.0
1168,always dead,1,,0.0
1169,dead clientele,1,,0.0
1171,cheap performance,1,,0.0
1159,worst enough,1,,0.0
1172,performance recognition,1,,0.0
1173,recognition learning,1,,0.0
1174,learning opportunities,1,,0.0
1175,opportunities nice,1,,0.0
1177,staff discount,1,,0.0
1178,discount great,1,,0.0
1179,great colleagues,1,,0.0
1180,colleagues good,1,,0.0
1181,company easy,1,,0.0
1160,enough business,1,,0.0
1158,food worst,1,,0.0
1234,hours opportunities,1,,0.0
1146,promotion available,1,,0.0
1136,especially winter,1,,0.0
1137,winter holidays,1,,0.0
1138,holidays worth,1,,0.0
1139,worth late,1,,0.0
1140,late nights,1,,0.0
1141,nights good,1,,0.0
1143,team part,1,,0.0
1144,great salary,1,,0.0
1145,salary promotion,1,,0.0
1147,available developing,1,,0.0
1157,benefits food,1,,0.0
1148,developing young,1,,0.0
1149,young adults,1,,0.0
1150,adults decent,1,,0.0
1151,decent company,1,,0.0
1152,company far,1,,0.0
1153,far restaurants,1,,0.0
1154,restaurants go,1,,0.0
1155,go good,1,,0.0
1156,training benefits,1,,0.0
1182,job directions,1,,0.0
1183,directions clear,1,,0.0
1184,clear money,1,,0.0
1223,endless appetizers,1,,0.0
1211,manager decent,1,,0.0
1212,decent starting,1,,0.0
1214,pay fast,1,,0.0
1216,fun go,1,,0.0
1217,go home,1,,0.0
1218,home cash,1,,0.0
1219,cash every,1,,0.0
1221,shift busy,1,,0.0
1222,busy endless,1,,0.0
1224,appetizers decent,1,,0.0
1185,good love,1,,0.0
1225,money best,1,,0.0
1226,best 3,1,,0.0
1227,3 restaurants,1,,0.0
1228,restaurants worked,1,,0.0
1229,worked dfw,1,,0.0
1230,dfw area,1,,0.0
1231,area hourly,1,,0.0
1232,hourly employee,1,,0.0
1233,employee flexible,1,,0.0
1210,cool manager,1,,0.0
1209,working cool,1,,0.0
1208,ur working,1,,0.0
1207,food ur,1,,0.0
1186,love thursdays,1,,0.0
1187,thursdays saturdays,1,,0.0
1188,saturdays dj,1,,0.0
1189,dj depending,1,,0.0
1190,depending good,1,,0.0
1191,good dj,1,,0.0
1192,dj staff,1,,0.0
1194,really nice,1,,0.0
1195,nice managers,1,,0.0
1196,managers flexible,1,,0.0
1197,flexible schdule,1,,0.0
1198,schdule flexible,1,,0.0
1200,workers early,1,,0.0
1201,early closing,1,,0.0
1202,closing time,1,,0.0
1203,time compared,1,,0.0
1204,compared restaurants,1,,0.0
1205,restaurants area,1,,0.0
1206,area free,1,,0.0
3304,something name,1,,0.0
