name,date1,amount,number_investors,website,fb,twitter,instagram,location,description,Founder_0,Title_0,F-Linkedin_0,F-Twitter_0,F-Facebook_0,Bio_0,Founder_1,Title_1,F-Linkedin_1,F-Twitter_1,F-Facebook_1,Bio_1,Founder_2,Title_2,F-Linkedin_2,F-Twitter_2,F-Facebook_2,Bio_2,Founder_3,Title_3,F-Linkedin_3,F-Twitter_3,F-Facebook_3,Bio_3,Founder_4,Title_4,F-Linkedin_4,F-Twitter_4,F-Facebook_4,Bio_4,Founder_5,Title_5,F-Linkedin_5,F-Twitter_5,F-Facebook_5,Bio_5,Founder_6,Title_6,F-Linkedin_6,F-Twitter_6,F-Facebook_6,Bio_6,date,count
minds,Jun 10 2017,347300,1542,https://minds.com,https://facebook.com/mindsdotcom,http://twitter.com/minds,http://instagram.com/minds,"Wilton, CT","Minds is an open source and decentralized social network for Internet freedom, where users earn crypto tokens for their contributions to the network. The tokens can be exchanged for more views on content or sent to other channels as a tip or paid subscription. We're built on a foundation of privacy, transparency, and free expression. As other networks continue to lose the public's faith, Minds has more than doubled since last year, now with 200K+ monthly active users and 1.25M+ registered users.",Bill Ottman,CEO,https://www.linkedin.com/in/billottman/,,,Founder and Chief Executive Officer,Mark Harding,CTO,https://www.linkedin.com/in/mark-harding-43303938/,,,Co-founder & Chief Technology Officer,John Ottman,Chairman,https://www.linkedin.com/in/john-ottman-091b173/,,,Working for and building great companies for over 20 years,Jack Ottman,COO,https://www.linkedin.com/in/jack-ottman-35440464,,,Co-founder & COO,,,,,,,,,,,,,,,,,,,2017-06-10,1
evelo,Jan 13 2017,750000,451,http://www.evelo.com,https://www.facebook.com/iloveevelo/?fref=ts,,,"Kent, WA","EVELO designs, develops and distributes electric bikes for all purposes. Consumers are increasingly choosing electric transport options, leading to global e-bike sales estimates of $15B+ in 2016, with significant growth in the North American sector. EVELO is at the forefront with innovative technology, well-built bikes, and a direct-to-consumer distribution model allowing lower prices and higher margins – resulting in $1M revenue in Q2 2016 and $6M+ of products sold and shipped since inception.",Boris Mordkovich,CEO,https://www.linkedin.com/in/borismordkovich,,,"Previously co-founded and sold two other companies. Upon starting EVELO, he biked 4,000 miles from New York City to San Francisco to test the product and better understand his market.",Yevgeniy Mordkovich,CTO,https://www.linkedin.com/in/yevgeniy-mordkovich-115a555,https://www.facebook.com/app_scoped_user_id/10153367121289788/,,"Responsible for bringing the first product line to market. He has extensive experience in the technology space, and previously co-founded and sold two other companies.",,,,,,,,,,,,,,,,,,,,,,,,,,,,,,,2017-01-13,1
daplie,Apr 1 2017,500000,643,https://daplie.com,http://facebook.com/daplie,http://twitter.com/daplieinc,,"Provo, UT","""The cloud"" is just someone else's computer. When you use centralized cloud services like iCloud, Gmail, Google Drive, Dropbox, Box, Facebook, or hundreds of others, you gain the convenience of storing data on someone else's computer, but you make some huge tradeoffs in return. Daplie provides a platform for people to have the convenience of the cloud without giving up privacy and ownership of their data. At Daplie, we believe the Internet was made for people, not people for the Internet.",Cory Torgesen,Chief Sales Officer,https://www.linkedin.com/in/cory-torgesen-4213a865,,,Cory spent 5 years in smart home sales before finishing a JD/MBA. After time in technology sales at VMware selling virtualization software he spent 3 years in sales management in the solar industry.,Bryson Hill,"Co-Founder, CEO",https://www.linkedin.com/in/brysonchill,https://twitter.com/BrysonCHill,https://www.facebook.com/app_scoped_user_id/10101360261473834/,"Bryson is an experienced salesman, product and people manager, and developer. He has sold millions in product revenue door to door, by telephone, television, e-commerce, and at big box retail.",Brian Bourgerie,President,https://www.linkedin.com/in/bourgerie,https://twitter.com/BougeyBaby,https://www.facebook.com/app_scoped_user_id/10153450003540583/,"Brian brings over a decade of experience working with startups, technology companies, e-commerce and crowdfunding. Brian helps strategize and execute on key revenue and operational activities.",,,,,,,,,,,,,,,,,,,,,,,,,2017-04-01,1
voyage.media,Jun 3 2017,375983,319,https://voyagemedia.com/,https://www.facebook.com/pg/Voyage-Media-80918162884,,,"Marina Del Rey, CA","Voyage is a first-of-its kind film & TV studio: a community of investors, writers, and producers who create, share, and earn from film and television storytelling. Our platform is one part incubator, one part marketplace—we connect ambitious writers with A-list producers to craft market-ready projects worthy of investment. We’ve produced 4 film and TV projects (including an Emmy-winner!) and have 24 projects that are partially financed and ready to go. We’re democratizing access to Hollywood.",Nat Mundel,CEO,https://www.linkedin.com/in/nat-mundel-0133315,,,"Nat is an entrepreneur, bestselling author, public speaker and producer of film, television and reality programming.",,,,,,,,,,,,,,,,,,,,,,,,,,,,,,,,,,,,,2017-06-03,1
thatchristmasmovie,Oct 28 2017,226400,472,http://www.thatchristmasmovie.com,https://www.facebook.com/ThatChristmasMovie/,http://twitter.com/thatxmasmovie,,"Studio City, CA","Join a filmmaking team with an Oscar® and 4 Primetime Emmys® for ""The Simpsons"" and ""Frasier"" to produce a Christmas movie ""I'll be Next Door for Christmas"" – the world's first Christmas comedy created by investors like you!",Jay Kogen,Executive Producer,https://twitter.com/jaykogen?lang=en,,,"Winner of four Primetime Emmy® Awards (nominated for 15), he wrote/produced ""Frasier,"" ""The Simpsons,"" and many more. He's currently Executive Producer on the hit Nickelodeon show ""School of Rock.""",David Willis,Director / Writer / Producer,,,,"Writer for network shows like ""Cybill"" and ""Caroline in the City,"" Mr. Willis has written & directed numerous award-winning short films, music videos, and plays.",,,,,,,,,,,,,,,,,,,,,,,,,,,,,,,2017-10-28,1
south.austin.brewery.,Feb 26 2017,400000,259,http://southaustinbrewery.com/,https://www.facebook.com/SouthAustinBrewery,http://twitter.com/SABrewery,,"Austin, TX","We're an award-winning craft brewery/brewpub inspired by tradition, music and people like the legendary daredevil Evel Knievel. We have the licensing rights to the official Evel Knievel tribute brew: Evel Ale, a 70s style blonde ale brewed for generations, inspired by the legend himself. With other unique brews like our award-winning Kolsch, Crossroads Coffee Stout, Texas Pale Ale and more, South Austin Brewery is already on shelves in over 900+ stores in Texas alone. We're now ready to go big.",Martyn Buffler,Managing Partner,https://www.linkedin.com/in/martyn-r-buffler-365421,https://www.facebook.com/app_scoped_user_id/1661875600791558/,,"Serial entrepreneur Martyn Buffler brings over 30+ years of combined startup, business management - development and entrepreneurial experience with this opportunity.",Russ Hall,Brewmaster,,,,"Rus has been involved in the beer industry for just over 20 years. A love of self expression and beer has driven his journey from small town Alaska to Austin, Texas via Portland, Oregon.",Vic Camozzi,,,,,"20+ years of award winning marketing, advertising and PR experience. He's led national marketing efforts for some of the most successful beer brands in the world, including Negro Modelo and Pacifico.",Bryan Wallace,Board Member,,,,Studied computer science at the University of Texas. Bryan has started multiple companies; his last SaaS software company was acquired by a private equity company in 2014.,,,,,,,,,,,,,,,,,,,2017-02-26,1
blazntech,Dec 30 2017,120000,154,https://blazntech.com,https://www.facebook.com/blazntech,,http://instagram.com/blazntech,"Res Triangle Park, NC",BLAZnTECH is a veteran owned and operated company. We have developed the world’s first and only motorized weapons cleaning system - a pocket sized power tool that provides the fastest and easiest way to clean most commonly used firearms.,Benjamin Bondar,CEO & Founder,https://www.linkedin.com/in/benjaminbondar,https://www.facebook.com/app_scoped_user_id/723500244491869/,,"Benjamin is a former stock market analyst - managing over 2.3MM with his own trading floor. He is a veteran of Iraq, FAA certified pilot, and inventor of the Motorized Weapons Cleaning System.",Michael Penney,Chief Evangelist,https://www.linkedin.com/in/michaeljpenney,https://www.facebook.com/michael.penney,,"Michael is a father and a former Marine. He is also the Program Director at Bunker Labs, the founder of Cigars and Sea Stories, and a chief contributor at Bloodstripes.com.",,,,,,,,,,,,,,,,,,,,,,,,,,,,,,,2017-12-30,1
maison.marcel,Dec 22 2017,165000,62,http://www.drinkmarcel.com,http://www.facebook.com/drinkmarcel,,http://www.instagram.com/drinkmarcel,"New York, NY","Maison Marcel is a unique rosé masterfully created in Provence. It was born from an old family recipe concocted by my grandfather to charm my grandmother. Living in the US, I realized there was an untapped niche in the rose category and saw an amazingopportunity. Marcel is the only off-dry rose made in Provence on the market. It. Year 1 was beyond all our expectations as we sold out of our 30,000 bottles and had to reorder. We are now very excited to bring Maison Marcel across the US",Albert Dahan,CEO,https://www.linkedin.com/in/albert-dahan-67059a15,https://www.facebook.com/app_scoped_user_id/10157978892790651/,,Serial entrepreneur at the crossroads of innovation and niche markets. He grew his previous fashion business from scratch to $2.5M in less than 18 mths. Albert combines talent to bring ideas to life.,,,,,,,,,,,,,,,,,,,,,,,,,,,,,,,,,,,,,2017-12-22,1
fafco,Aug 18 2017,204529,89,http://www.fafco.com,,,,"Chico, CA","CoolPV is an enhanced solar electric panel that generates electricity and heats water from one panel using the same valuable roof space. Because CoolPV cools the solar electric module, it increases the output of the PV module by up to 20%. Including thermal energy, CoolPV can generate up to 4x the power of PV alone. CoolPV lets customers save money, increase their home value, and be environmentally friendly all at the same time. Made in the USA, CoolPV generated $570K in sales in 2016.",Freeman Ford,Founder & Chairman,https://www.linkedin.com/in/freeman-ford-94a8a612,,,"He was president of the Solar Energy Industry Trade association, holds a Master’s degree from Stanford Business School and graduated from Dartmouth College before flying for the Navy in Viet Nam.",,,,,,,,,,,,,,,,,,,,,,,,,,,,,,,,,,,,,2017-08-18,1
urban.juncture,Nov 1 2017,176829,147,http://www.urbanjuncture.com/,https://www.facebook.com/Bronzeville-Coo,,,"Chicago, IL","We’re taking a historic Chicago community that’s been abandoned by banks and businesses and joining with friends, neighbors, and partners to rebuild it into the vibrant hub of Black culture and commerce it once was. We’re developing restaurants celebrating black cuisine from across the globe, launching a co-working facility to lift up the next generation of community enterprises, and operating award-winning garden and bicycling programs to attract visitors and bring residents together.",Bernard Loyd,President,https://www.linkedin.com/in/bernard-loyd-7b80a21,,,"Bernard is a former partner at McKinsey & Company, which he joined after earning his PhD from MIT. He serves on the Board of Governors of Metropolitan Planning Council and lives in Bronzeville.",,,,,,,,,,,,,,,,,,,,,,,,,,,,,,,,,,,,,2017-11-01,1
scrap.connection.inc,Nov 1 2017,20000,1617,http://www.scrapconnection.com,https://www.facebook.com/ScrapConnection/,http://twitter.com/ScrapCommunity,,"Muscle Shoals, AL","Scrap Connection is a global platform providing B2B software solutions to companies that buy, sell or broker recyclable materials. We connect scrap professionals to facilitate trade in a $250 Billion market. Our services include in-depth business and market intelligence, an online marketplace, and end-to-end trade workflow management and finance tools.",Chris Yerbey,Founder & CEO,https://www.linkedin.com/in/chris-yerbey-scrap-connection-bb268225,https://www.facebook.com/app_scoped_user_id/10154637538829769/,,12-year scrap industry veteran. Serial entrepreneur with 5 successful companies including 1 tech startup. Alabama native now based in the hottest tech startup center of Europe: Amsterdam!,,,,,,,,,,,,,,,,,,,,,,,,,,,,,,,,,,,,,2017-11-01,1
crowdmed,Apr 18 2017,2400000,617,https://www.crowdmed.com/,,,,"San Francisco, CA","We harness the wisdom of the crowds to help patients find the right path to a cure. Our community of expert Medical Detectives resolve challenging medical cases more quickly, accurately, and inexpensively than the traditional medical system.  Patients who come to CrowdMed have wasted years and thousands of dollars bouncing from specialist to specialist, yet are still seeking answers. Now, they can access a community of thousands of medical experts all at once, online for a fraction of the price.",Jared Heyman,CEO,https://www.linkedin.com/in/jaredheyman,,,"Jared is a 15-year Internet tech veteran whose previous company, Infosurv, is still an active multi-million dollar success. A travel junkie, has visited over 50 countries.",,,,,,,,,,,,,,,,,,,,,,,,,,,,,,,,,,,,,2017-04-18,1
bloomery,Jan 28 2017,197000,361,http://bloomerysweetshine.com/,https://www.facebook.com/BloomeryPlantationDistillery/,http://twitter.com/bloomerytweets,,"Charles Town, WV","With a sweet spin on moonshine, Bloomery’s all natural, farm fresh SweetShine liqueurs are crafted the way the old timers used to do it, by hand. We embody authentic, simple, clean, farm-fresh flavors and adventurous, award-winning American made soul. In a bottle. We are the only craft distillery in America whose complete focus is on making a line of all natural, garden to glass cocktail liqueurs, while growing some of the farm-fresh ingredients, right here on our farm.",Linda Losey,CCO/COO,https://www.linkedin.com/in/linda-losey-ab966398,,,"Linda sets the vision for the company, and oversees operations as well as the direction of product lines, branding and marketing.",Rob Losey,Director of National Sales and Distribution,,,,"Rob is the go to guy. He oversees, manages and directs Bloomery's national sales and distribution, the tasting room and public relations.",Thomas J. Kiefer,CEO,https://www.linkedin.com/in/tom-kiefer-9978611,,,"A structural and civil engineer, Tom is the grounded partner, carrying out Bloomery's strategic plans and policies, and overseeing operations.",,,,,,,,,,,,,,,,,,,,,,,,,2017-01-28,1
mobilespike,Mar 26 2017,1100000,199,http://www.mobilespike.com,https://www.facebook.com/MobileSpike/,https://twitter.com/mobilespike007,,"Wilmington, DE","We help police officers end high speed pursuits from the safety of their vehicle. With a push of a button, a spiked strip shoots out and pops the fleeing car's tires instantly. Before, officers had to manually place spike strips along the road, putting them directly in danger. This tech hasn't been innovated since 1972, and now, nearly 12,000 people have died due to high speed chases. We're the first solution that lets officers deescalate a potentially fatal car chase with the push of a button.",Michael P. Moormeier,CEO,,,,"Michael was inspired to invent a safer solution for police pursuits after watching a program on high speed chases. A long-time problem solver, he conferred with law enforcers to perfect the system.",Todd O’Halloran,Director of R&D,,,,Todd brings 36 years of product research and development to the MobileSpike team. His aptitude for innovative thinking ranges from marine propulsion systems to anti-theft equipment .,,,,,,,,,,,,,,,,,,,,,,,,,,,,,,,2017-03-26,1
digitally.imported.inc,Dec 31 2017,273599,620,http://www.di.fm,http://www.facebook.com/digitallyimported,http://twitter.com/diradio,,"Denver, CO","Since 1999, Digitally Imported has offered electronic music fans a way to listen to the music they love. By hand-curating our entire catalog, we make it easy to find good electronic music and stream it from our website and mobile apps. With millions of registered listeners to date, users can listen for free or upgrade to our Premium service.",Ari Shohat,Founder and CEO,https://www.linkedin.com/in/ashohat,https://www.facebook.com/app_scoped_user_id/10154656573733605/,,Ari Shohat is an entrepreneur with over 17 years of experience in streaming media. He founded DI in 1999 while earning a degree in Computer Science and has extensive hands-on Development experience.,,,,,,,,,,,,,,,,,,,,,,,,,,,,,,,,,,,,,2017-12-31,1
chareau,May 1 2017,100000,225,http://www.chareau.us,https://www.facebook.com/chareau.us/,,http://www.instagram.com/chareauspirit/,"Camarillo, CA","We've crafted the world's first alcoholic spirit from the increasingly popular aloe vera plant. Chareau is a light, refreshing liqueur versatile enough to be mixed in almost any cocktail and smooth enough to be sipped on the rocks. Our aloe spirit is unique—with half the amount of sugar and calories as similar liqueurs—and crafted from farm-fresh ingredients you can actually pronounce. That quality is why we're already in over 1000 bars and restaurants in 16 states.",Kurt Charron,President,,,,"10yrs in the beverage industry, 6+ yrs in hospitality. Graduate of USC & the Lloyd Greif Center for Entrepreneurial Studies. Graduate of The Ethanol Tech Institute and the Kothe Distillation Program.",,,,,,,,,,,,,,,,,,,,,,,,,,,,,,,,,,,,,2017-05-01,1
bioclonetics,Sep 30 2017,386766,586,http://www.bioclonetics.com,,,,"Heath, TX","BioClonetics is finalizing the production and testing of a monoclonal antibody to treat patients with HIV. HIV is a virus that infects 37 million and kills approximately 1.2 million every year, and today there is still no cure. At BioClonetics, we've created a  cell line that produces fully human monoclonal antibodies to specifically target and neutralize infectious diseases including HIV. If successful, this could be the first true cure for HIV at a fraction of the price of current treatment.",Joseph P. Cotropia,CSO,https://www.linkedin.com/in/joseph-cotropia-bb5a879,,,"Southwestern Medical School
M.S. Physiological Chemistry
B.S. Chemistry
Over 45 years of medical research and practice","Tomasz Zastawny, DSc, Ph.D.",Chief Clinical Operations Office,https://www.linkedin.com/in/tomasz-h-zastawny/,,,"Drug Development Executive with 20 years of global, cross-functional experience in Clinical Research, CMC, QA, Regulatory Affairs and Project Management in various therapeutic areas.",Paul D. Fellegy,Chief Financial Officer,https://www.linkedin.com/in/paul-d-fellegy-3a056515,,,Over 25 years of experience in the financial field working with national financial groups in a variety of roles.,,,,,,,,,,,,,,,,,,,,,,,,,2017-09-30,1
fungi,Feb 10 2017,125000,181,http://www.fun-gi.com,https://www.facebook.com/fungigames,http://twitter.com/fun_gify,,"Torrance, CA","We design and publish games that enable emerging brands to engage fans beyond traditional media. Our first partners are the stars of HGTV's most-watched show ever: Chip and Jo of 'Fixer Upper'.  We will be launching our mobile game, House Flip, following the premiere of 'Fixer Upper' season 4 in mid December.",Alfred Fung,CEO,https://www.linkedin.com/in/alfredfung,https://twitter.com/MobileMadMen,https://www.facebook.com/app_scoped_user_id/10154783096819610/,"Prior to fun-gi, Alfred oversaw teams in LA, SF, and NYC for global leader in mobile advertising M&C Saatchi. His game experience started at Mobile Deluxe. He's also a Returned Peace Corps Volunteer.",,,,,,,,,,,,,,,,,,,,,,,,,,,,,,,,,,,,,2017-02-10,1
epec.holdings.inc,Oct 20 2017,417500,279,http://jamesfchyde.com,https://www.facebook.com/JamesFCHydeSorghoWhiskey/,,,"Plantation, FL","Sorghum is the primary ingredient of history's oldest and most popular spirit, Chinese Baijiu, and now we're using it to make a brand new type of American whiskey the world has never tasted. James F.C. Hyde Sorgho® Whiskey's unique combination of flavor and aroma notes delight the palate, whether neat, on the rocks, in classic cocktails like a Manhattan or to inspire new world class cocktails. But don't just take our word for it–The Whiskey Wash gave us a 5/5 rating, a best in category.",Steve Vanechanos,Executive Chairman of the Board,https://www.linkedin.com/in/steve-vanechanos-000ab120/,,,"Board member of the Sweet Sorghum Association. Previously CEO of DynamicWeb, which was sold at a $50 million valuation. He was also a member of the American Stock Exchange Board of Governors.",Brian Van Flandern,Board of Directors - Strategic Industry Relations,https://www.linkedin.com/in/brian-van-flandern-8798107/,,,"World renowned Michelin 3-Star mixologist and cocktail book author. Named America’s Top Mixologist by the Food Network. Featured in dozens of publications and TV shows, and sold 100,000 book copies.",James Hyde,Vice Chairman of the Board,https://www.linkedin.com/in/jim-hyde-38199616/,,,Former Vice Chairman of the American Stock Exchange. Proud St. Johns graduate.,Ron Miller,Co-Vice Chairman,https://www.linkedin.com/in/ron-miller-472243115,,,Early ethanol pioneer as President/CEO of Fortune 1000 Aventine Renewable Energy. Founding member/chairman of the Renewable Fuels Association. Named “Entrepreneur of the Year” by Ernst and Young.,Glenn Pohs,,,,,,,,,,,,,,,,,,2017-10-20,1
ridgemontoutfitters,Oct 21 2017,195272,342,http://ridgemontoutfitters.com/,https://www.facebook.com/ridgemontoutfitters/,,,"Signal Hill, CA","When we couldn’t find the perfect adventure footwear for people like us, we set out to design it ourselves.  Ridgemont is all about form and function.  It's great quality, good looking footwear that performs when you're walking the dog or conquering the trail—but also feels comfortable enough to wear at work or out for dinner. We combine the best materials and construction techniques but with a modern aesthetic. Our mission is to move the outdoor footwear market forward to the 21st century.",Alex Hall,CEO,https://www.linkedin.com/in/alex-hall-b07a7129,,,"Former CEO of DuFFs. Founder of Jackal Distribution. Over 20 years experience of managing and directing all aspects of the introduction, marketing	and distribution of outdoor lifestyle brands.",Stacy Lowery,President,https://www.linkedin.com/in/stacy-lowery-10a09251,,,"A retired professional skateboarder, Stacy has been designing and developing shoes for core skateboarding, the action sports lifestyle, and most recently the outdoor industry for the last 8 years.",,,,,,,,,,,,,,,,,,,,,,,,,,,,,,,2017-10-21,1
snapwire,May 1 2017,400000,397,https://snapwi.re,https://www.facebook.com/getsnapwire,http://twitter.com/snapwire,,"Santa Barbara, CA","Snapwire connects proven photographers, who shoot authentic & affordable royalty-free photos, to businesses & brands. Today's stock photos are overused and outdated. With Snapwire, brands call the shot, set a price, provide inspiration and 300K photographers take the challenge to shoot the perfect photos. Submissions are reviewed and licensed. Finding a stock photo to match a brand's story is like finding a needle in a haystack. Not anymore. Let affordable custom photos come to you.",Chad Newell,CEO,https://www.linkedin.com/in/chadrnewell,https://twitter.com/snapwire,https://www.facebook.com/app_scoped_user_id/1884998825057231/,"Before Snapwire, Chad founded and served as CEO of Media Bakery, served as a COO for ImageState PLC, and helped build Getty Images' Image Bank Footage Division",,,,,,,,,,,,,,,,,,,,,,,,,,,,,,,,,,,,,2017-05-01,1
zipzap,Jul 13 2017,1075000,294,http://zipzap.me/,https://www.facebook.com/ZipZapInc,http://twitter.com/zipzap,,"Orinda, CA","Migrant workers send $600 billion every year to loved ones in their home countries. ZipZap makes it easy for these workers far from home to send unlimited remittances for a flat monthly rate of $25. Instead of having to visit a store, wait in line, and pay expensive fees, migrant workers can now send as many remittances as they want, at amounts they can afford—all from their phone. This is thanks to our unique technology that combines traditional SWIFT transfers with Blockchain technology.",Alan Safahi,CEO,https://www.linkedin.com/in/safahi,,,A serial entrepreneur with nearly 30 years of hands-on experience in the information tech and telecommunications industry. Successfully created and managed numerous  payment processing startups.,,,,,,,,,,,,,,,,,,,,,,,,,,,,,,,,,,,,,2017-07-13,1
myswimpro,Sep 1 2017,50000,138,http://myswimpro.com,http://facebook.com/myswimpro,http://twitter.com/myswimpro,,"Ann Arbor, MI","We deliver an incredible experience for swimmers of all levels through personalized swim workouts, instructional video content,  and detailed analytics. We've received international accolades from Apple (named Best Watch App of 2016), have been featured in Sports Illustrated and in Apple CEO Tim Cook's keynote address.",Fares Ksebati,CEO,https://www.linkedin.com/in/faresksebati,https://twitter.com/faresksebati,https://www.facebook.com/app_scoped_user_id/10208503336641656/,"A nationally recognized coach, and former collegiate swimmer. He swam at Wayne State University in Detroit and has coached for the last 7 years including: USA Club, Masters and triathlon",Adam Oxner,iOS Lead,https://www.linkedin.com/in/adoxner/,https://twitter.com/adoxner,https://www.facebook.com/adoxner,Swam collegiately at the University of Michigan. He enjoys developing for the intersection of technology and swimming with a passion for building products that make a difference in people's lives.,Michael Allon,Android Lead,https://www.linkedin.com/in/michaelallon,https://twitter.com/allonmj,https://www.facebook.com/michael.allon.54,Michael is passionate about designing mobile products and building startups. He enjoys working with swimmer's and building solutions that help them acheive their goals.,,,,,,,,,,,,,,,,,,,,,,,,,2017-09-01,1
rentuscom,Aug 19 2017,95000,258,https://www.rentus.com,https://www.facebook.com/rentuscom/,http://twitter.com/RentUScom,,"Sherman Oaks, CA","Rentus.com is a mobile and online rental marketplace where people are able to rent just about anything: from tools and equipment, to party supplies and camping gear. Rentus is using the rise of the sharing economy to also bring the person-to-person rental industry to a user-friendly platform, as well as create a new marketplace and low cost access to consumers for companies in the rental business.",Elias Chavando,President & CEO,https://www.linkedin.com/in/chavando,https://twitter.com/EChavando,,"-Director, Autotrader.com
- Founder, Reagan.com
- Consultant and Director of multi-national classified marketplaces",,,,,,,,,,,,,,,,,,,,,,,,,,,,,,,,,,,,,2017-08-19,1
veraroasting,Apr 8 2017,35000,319,https://www.veraroasting.com/,https://www.facebook.com/veraroasting/,http://twitter.com/veraroasting,,"Portsmouth, NH","Vera Roasting Company is passionate about crafting a premium brew that will make your taste buds and your heart happy. CoffVee™ is delicately roasted, 100% Arabica beans infused with resveratrol, the all-natural antioxidant found in red wines. Enjoy the widely accepted heart-healthy benefits of a glass of red wine in every cup of CoffVee™.",Glen Miller,Founder & CTO,https://www.linkedin.com/in/glenmillerunh,,,"Professor of Chemistry and Materials Science, Chair of Chemistry Dept. at the University of New Hampshire, Glen has been studying organic compounds for over 25 years.",,,,,,,,,,,,,,,,,,,,,,,,,,,,,,,,,,,,,2017-04-08,1
plantsnap,Sep 16 2017,25000,361,http://www.plantsnap.net,https://www.facebook.com/PlantSnap/,http://twitter.com/plantsnap,https://www.instagram.com/plantsnap/,"Telluride, CO","Just take a photo of the plant, and PlantSnap immediately tells you what it is, if you can eat it and more. We're the first mobile app to harness machine learning technology to recognize specific plant species—and the more you use it, the smarter the app becomes. As a result, we're also building the largest, most comprehensive plant database in the world. Already, we have over 103,000 plants in our library. That's enough to cover every plant species in the United States.",Eric Ralls,CEO,https://www.linkedin.com/in/ericralls/,https://twitter.com/PlantSnap,https://www.facebook.com/app_scoped_user_id/519506911553413/,"Eric is a serial entrepreneur. A psychology and international business graduate, he has honed his skills in the tech world since 1998, merging the latest innovations with his love for the planet.",,,,,,,,,,,,,,,,,,,,,,,,,,,,,,,,,,,,,2017-09-16,1
vodi,Jun 29 2017,450000,141,http://www.vodi.io,https://www.facebook.com/vodiapp/,,https://www.instagram.com/vodi.app/,"Duluth, GA","Vodi is a mobile messaging app that lets you text, call, translate, send eGifts, and more—all from one place. Over 68% of American adults have a smartphone in their pocket and more and more smartphone users are turning to free messaging apps as their main form of communication. Vodi makes it easier for smartphone users to save time, money and data on their phone–no matter where you are. Vodi is so easy to use that we already have a million downloads from 160 different countries worldwide.",Darren Lu,CEO,https://www.linkedin.com/in/darren-lu-b10a8321/,,,,,,,,,,,,,,,,,,,,,,,,,,,,,,,,,,,,,,,,2017-06-29,1
ganaz,Nov 17 2017,89420,109,http://www.GanazApp.com,,,,"Seattle, WA","There are over a million farm workers in the U.S. and even though nearly all of them have smart phones, they still find out about work by word-of-mouth and know little about the environment they're getting into. Meanwhile, farm owners face a major labor shortage - last year over $3B of produce was unharvested because farmers couldn't find enough workers.  Ganaz is like a Glassdoor for agriculture - we help farm owners find workers and help farm workers find out which farms offer the best jobs.",Srinivas Artham,Co-founder,https://www.linkedin.com/in/sriartham,,,"Sri led the CPG division of Fair Trade to 39% annual growth, certifying ~$1.5B in retail sales.  He has an MBA from INSEAD and Systems Design Engineering degree from the University of Waterloo.",Hannah Freeman,Co-founder,https://www.linkedin.com/in/hannah-freeman-661881b/,,,"Named a “Rising Star” by the Produce Business Magazine in 2016, Hannah has built Fair Trade produce into a driving force in the industry.  She has an MBA from Portland State University.",,,,,,,,,,,,,,,,,,,,,,,,,,,,,,,2017-11-17,1
eliotsnutbutters,Nov 22 2017,89037,105,http://eliotsadultnutbutters.com/,,https://twitter.com/eliotsnutbutter,,"Portland, OR","We are a small batch, savory nut butter company delivering the most flavorful peanut butter you've ever had. We create high-quality, unique, and versatile nut butters that can be used not only in your classic PB&J but in your Asian stir-fry, your chicken glaze, homemade ice cream, and more. We're creating high-quality, chef-inspired nut butters that allow adults to indulge in a familiar food that also feeds their evolving tastes and demands.",Michael Kanter,CEO,https://www.linkedin.com/in/eliotsadultnutbutters,,,"Michael has extensive work experience in the food industry, from line cook to founding cook to produce specialist at Whole Foods.",,,,,,,,,,,,,,,,,,,,,,,,,,,,,,,,,,,,,2017-11-22,1
comicblitz,May 2 2017,25000,237,https://www.comicblitz.com,https://www.facebook.com/Comicblitz/,http://twitter.com/comicblitzapp,http://instagram.com/comicblitz,"Los Angeles, CA",We're building the world’s largest comic book store and providing unlimited access to it all!  Comics are still for the most part old school—visit a physical store to get a 20 page issue at $3.99 apiece. But there are 120 ongoing series between Marvel & DC alone. Imagine dishing out $4 for each issue of each series you're interested in every month. Comic books are expensive!  We're bringing comics into the 21st century by offering a true all-you-can-read subscription for digital comics.,Jordan Plosky,CEO,https://www.linkedin.com/in/jordan-plosky-16b56b6,http://twitter.com/jordanplosky,,"Former Director of Content at ComicsFix. Lifelong comic book fan.  Podcast creator and host. Former band leader/member of  Billboard Top 100 artists (Miley Cyrus, Everclear, more).  NYU alumnus.",Gregory Weiss,CTO,https://www.linkedin.com/in/gweiss27,,,Senior Product Manager at Live Nation. Career technologist producing platforms for every size organization. His work is utilized by several Fortune 1000 organizations.  Alumnus of GE’s IMLP program.,,,,,,,,,,,,,,,,,,,,,,,,,,,,,,,2017-05-02,1
motoroso,Apr 15 2017,50000,91,http://www.motoroso.com,https://www.facebook.com/motorosoapp/,http://twitter.com/Motorosoapp,https://www.instagram.com/motoroso/,"San Luis Obispo, CA","Motoroso is your new destination for automotive and motorcycle inspiration. Do a quick visual search, explore builds, and click right in the image to expose products, videos, articles and how-to's.  Our interactive platform makes it easy to get inspired, and soon we'll build a product marketplace where you can purchase products from sellers you trust, and find the best installation shop to help with the project. It's the modern web experience enthusiasts have been waiting for.",Alex Littlewood,Founder & CEO,https://www.linkedin.com/in/alex-littlewood-9b73172,https://www.facebook.com/app_scoped_user_id/10154184258748379/,,"Alex has 10 years of startup experience, with focus in Social Media, Word-of-Mouth, and Brand Advocacy.",,,,,,,,,,,,,,,,,,,,,,,,,,,,,,,,,,,,,2017-04-15,1
boardwalk,Nov 22 2017,500000,526,http://www.boardwalkhosp.com,https://www.facebook.com/benjerryvenicebeach/?ref=page_internal,,,"Las Vegas, NV","Later this year we will open a beautiful Ben & Jerry's Ice Cream franchise and a Peet's Coffee shop on the Venice Beach Boardwalk in Los Angeles, California. Venice Beach is the most popular beach in the world, with over 16 million annual visitors.",Klaus Moeller,CEO,https://www.linkedin.com/in/klaus-moeller-a45a8612/,https://www.facebook.com/app_scoped_user_id/10154108007951086/,,"Co-founded Genius Brands International Inc., owners of the Baby Genius Brand, Co-Founder of Capital Art Inc. Specialties: Marketing/Sales.",Mike Meader,Co-Founder/President,https://www.linkedin.com/in/mike-meader-311285124/,,,Former President at Genius Brands. Mike has previous experience in the food service industry as a franchisee of Dairy Queen International and working as a Food and Beverage Cost Controller.,Jeanene Morgan,Chief Financial Officer,https://www.linkedin.com/in/jeanene-morgan-a13a56b/,,,"BS Accounting, MBA International Management. Formerly CFO Genius Brands International and Capital Art.",,,,,,,,,,,,,,,,,,,,,,,,,2017-11-22,1
vaute,Nov 3 2017,753000,414,http://VauteNYC.com,http://www.facebook.com/vautenyc,,http://instagram.com/vaute_nyc/,"New York, NY","We create 100% vegan, high-tech outerwear that's warm enough for a Chicago winter and more beautiful than wearing animals. Our coats are also made of recycled and organic fibers wherever possible, and cut and sewn in America. I hope that one day, with your help, the world will look at wearing animals as a thing of the past.",Leanne Mai-ly Hilgart,President,,,,"Called ""the Rebel of Fashion Week"" by CNN News. ""A Game Changer"" by Conde Nast and ""Most Influential Designer"" by PETA.",,,,,,,,,,,,,,,,,,,,,,,,,,,,,,,,,,,,,2017-11-03,1
recoup.fitness,Oct 31 2017,200000,436,http://recoupfitness.com,http://facebook.com/recoupfitness,http://twitter.com/recoupfitness ,http://instagram.com/recoupfitness,"Denver, CO","Recoup Fitness creates innovative recovery products trusted by professional athletes without the professional price tag. Our first product is the patented Recoup Cold Roller that helps recover sore muscles and painful injuries. Simply place the ball in the freezer for two hours and enjoy up to six hours of cold massage. Our 2-in-1 design philosophy sets us apart, which is why Olympic medalists, world cup soccer players and seven NFL teams are already customers.",Matt Hyder,CEO,https://www.linkedin.com/in/matt-hyder-73684695/,,,"Matt’s life has been marked by two passions, fitness and entrepreneurship. An Olympic level athlete from a young age, he understands athletes’ needs and the fitness industry as a whole.",,,,,,,,,,,,,,,,,,,,,,,,,,,,,,,,,,,,,2017-10-31,1
tankabar,Dec 25 2017,123852,251,http://www.tankabar.com/,https://www.facebook.com/tankatalk/,http://twitter.com/tankabar_linda,,"Kyle, SD","From the Oglala Lakota people of the Pine Ridge Indian Reservation, we are dedicated to a world filled with healthy foods that add to preservation of our lands and culture. By returning buffalo to the plains, we also seek to improve the economy for Native Americans. Our first products are a line of Buffalo based meat and fruit products based on the Wasna tradition of the Lakota people. Our food bars are designed to help you live life powerfully, in balance with mind, body, and spirit.",Karlene Hunter,Cofounder and CEO,,,,25 years of experience working on educational and economic development on the Pine Ridge Reservation in South Dakota,Mark Tilsen,Cofounder and President,,,,"More than 25 years of experience in nonprofit fundraising, marketing community development, and 18 years in special events marketing and productions",,,,,,,,,,,,,,,,,,,,,,,,,,,,,,,2017-12-25,1
